NAME,TEAM,POS,AGE,GP,MPG,MIN%,USG%,TOr,FTA,FT%,2PAT,2PA,2P%,2PM,3PAT,3PA,3P%,3PM,FGA,FGM,FG%,TS%,PPG,RPG,TRB%,APG,AST%,SPG,BPG,VI,FTM,PER_n,PER,eFG%
A.J. Price,Ind,PG,25,44,12.7,26.1,17.9,0.145,35,0.8,86,1.954545455,0.384,0.750545455,88,2,0.295,0.59,3.954545455,1.340545455,0.338988506,0.454,3.9,1.4,6.1,2,24.4,0.45,0.05,7,0.636363636,14.22308586,10.80954525,0.413586207
Aaron Gray,Tor,C,27,49,16.4,33.8,13.6,0.219,47,0.532,161,3.285714286,0.516,1.695428571,0,0,0,0,3.285714286,1.695428571,0.516,0.526,3.9,5.7,20.5,0.6,5.5,0.45,0.35,5.8,0.510285714,16.55869417,12.58460757,0.516
Al Harrington,Den,PF,31,64,27.3,56.2,24.5,0.116,176,0.676,470,7.34375,0.519,3.81140625,303,4.734375,0.333,1.576546875,12.078125,5.387953125,0.44609185,0.535,14.2,6.1,13,1.4,8.4,0.91,0.19,7.3,1.859,22.51304706,17.10991577,0.511356404
Al Horford,Atl,C,25,11,31.5,58.3,18,0.121,30,0.733,102,9.272727273,0.559,5.183454545,1,0.090909091,0,0,9.363636364,5.183454545,0.553572816,0.585,12.4,7,13.1,2.3,12.3,0.91,1.27,7.4,1.999090909,22.76087141,17.29826228,0.553572815
Al Jefferson,Uta,C,27,61,33.8,68.9,25.9,0.052,177,0.774,1044,17.1147541,0.493,8.43757377,4,0.06557377,0.25,0.016393443,17.18032787,8.453967213,0.492072519,0.52,19.2,9.6,16.3,2.2,12.3,0.77,1.66,8.8,2.245868852,26.62214465,20.23282993,0.492549618
Alan Anderson,Tor,SF,29,17,26.9,54.5,18.7,0.137,34,0.853,81,4.764705882,0.383,1.824882353,61,3.588235294,0.393,1.410176471,8.352941176,3.235058824,0.387295775,0.519,9.6,2,4.4,1.5,9.6,0.29,0.18,4.6,1.706,13.00986359,9.887496331,0.471707747
Alec Burks,Uta,SG,20,59,15.7,32,22.8,0.108,143,0.727,312,5.288135593,0.442,2.337355932,45,0.762711864,0.333,0.253983051,6.050847458,2.591338983,0.428260504,0.506,7.2,2.2,8.2,0.9,9.6,0.46,0.08,6.2,1.762050847,18.63891205,14.16557316,0.449247899
Al-Farouq Aminu,Nor,SF,21,66,22.2,45.9,16.3,0.18,114,0.754,317,4.803030303,0.429,2.0605,47,0.712121212,0.277,0.197257576,5.515151515,2.257757576,0.409373626,0.479,6,4.7,12.5,1,7.3,0.89,0.52,5.5,1.302363636,15.25670869,11.59509861,0.427256868
Alonzo Gee,Cle,SF,24,63,28.8,59.5,18.7,0.149,210,0.786,414,6.571428571,0.442,2.904571429,137,2.174603175,0.321,0.698047619,8.746031746,3.602619048,0.411914701,0.515,10.5,5.1,10.1,1.8,10.6,1.32,0.27,6.4,2.62,18.86077208,14.33418678,0.451821234
Amare Stoudemire,Nyk,PF,29,47,32.6,67.4,25.6,0.128,243,0.765,634,13.4893617,0.491,6.623276596,21,0.446808511,0.238,0.106340426,13.93617021,6.729617021,0.48288855,0.54,17.5,7.8,13.8,1.1,6.1,0.81,0.96,6.5,3.955212766,25.27039747,19.20550208,0.486703817
Anderson Varejao,Cle,C,29,25,31.1,63.5,17.1,0.152,64,0.672,218,8.72,0.523,4.56056,4,0.16,0,0,8.88,4.56056,0.513576577,0.542,10.8,11.5,21,1.8,10.1,1.4,0.68,7.8,1.72032,23.36209789,17.75519439,0.513576577
Andray Blatche,Was,PF,25,26,23.9,49.5,21.9,0.122,49,0.673,238,9.153846154,0.382,3.496769231,7,0.269230769,0.286,0.077,9.423076923,3.573769231,0.379257143,0.415,8.5,5.7,13.5,1.1,7.4,0.77,0.69,6.3,1.268346154,15.39197181,11.69789858,0.383342857
Andre Iguodala,Phi,SG,28,62,35.4,73.5,17.7,0.137,192,0.62,441,7.112903226,0.481,3.421306452,191,3.080645161,0.398,1.226096774,10.19354839,4.647403226,0.455916139,0.538,12.4,6.1,9.6,5.5,23.8,1.71,0.48,8.4,1.92,21.98462748,16.70831688,0.516056962
Andre Miller,Den,PG,35,66,27.2,56,20,0.22,169,0.811,469,7.106060606,0.478,3.39669697,83,1.257575758,0.217,0.272893939,8.363636364,3.669590909,0.438755435,0.51,9.7,3.3,7.2,6.7,36.9,0.95,0.14,8.8,2.076651515,22.56780924,17.15153502,0.455069746
Andrea Bargnani,Tor,C,26,31,33.1,67.9,28.9,0.11,173,0.873,369,11.90322581,0.474,5.642129032,115,3.709677419,0.296,1.098064516,15.61290323,6.740193548,0.431706612,0.538,19.5,5.5,9.8,1.9,11.5,0.58,0.48,7.1,4.871903226,24.67452988,18.75264271,0.466871901
Andrew Bogut,Mil,C,26,12,30.1,62.2,20.7,0.141,23,0.609,135,11.25,0.452,5.085,1,0.083333333,0,0,11.33333333,5.085,0.448676471,0.465,11.3,8.3,15.3,2.6,13.8,1,2,8.3,1.16725,21.45471185,16.30558101,0.448676471
Andrew Bynum,Lal,C,24,60,35,71.8,23.9,0.139,338,0.692,791,13.18333333,0.56,7.382666667,5,0.083333333,0.2,0.016666667,13.26666667,7.399333333,0.557738693,0.594,18.7,11.8,18.9,1.4,7.4,0.45,1.93,7.7,3.898266667,29.82812694,22.66937648,0.558366834
Andrew Goudelock,Lal,SG,23,40,10.3,20.9,22.4,0.105,12,0.917,99,2.475,0.404,0.9999,75,1.875,0.373,0.699375,4.35,1.699275,0.390637931,0.488,4.4,0.8,4.2,0.5,8.3,0.1,0,4.7,0.2751,10.19197946,7.745904387,0.471025862
Andris Biedrins,Gol,C,25,47,15.5,32.1,5.2,0.171,9,0.111,64,1.361702128,0.609,0.829276596,0,0,0,0,1.361702128,0.829276596,0.609,0.581,1.7,3.7,13.7,0.3,3,0.49,0.96,3.2,0.021255319,11.35450209,8.62942159,0.609
Antawn Jamison,Cle,PF,35,65,32.9,68,26.3,0.072,271,0.683,777,11.95384615,0.425,5.080384615,267,4.107692308,0.341,1.400723077,16.06153846,6.481107692,0.403517241,0.481,17.2,6.3,10.8,2,12,0.78,0.65,7.3,2.847584615,20.88814572,15.87499075,0.447122126
Anthony Morrow,Njn,SG,26,62,26.2,54.4,21.8,0.089,104,0.933,374,6.032258065,0.444,2.678322581,285,4.596774194,0.372,1.71,10.62903226,4.388322581,0.412861912,0.53,12,2,4.5,1,6.9,0.74,0.15,4.4,1.565032258,15.919236,12.09861936,0.493301973
Anthony Parker,Cle,SG,36,51,24.9,51.4,14.2,0.125,56,0.625,188,3.68627451,0.484,1.784156863,138,2.705882353,0.362,0.979529412,6.392156863,2.763686275,0.432355828,0.523,7.2,2.7,6.2,2.4,15.8,0.75,0.14,5.8,0.68627451,14.00793465,10.64603033,0.50897546
Anthony Randolph,Min,PF,22,34,15,30.9,24.2,0.144,84,0.762,199,5.852941176,0.472,2.762588235,1,0.029411765,0,0,5.882352941,2.762588235,0.46964,0.532,7.4,3.6,13.4,0.6,6.7,0.38,1.03,6.7,1.882588235,24.64024914,18.72658934,0.46964
Anthony Tolliver,Min,C,26,51,17.1,35.3,12.3,0.145,55,0.745,81,1.588235294,0.568,0.902117647,101,1.980392157,0.248,0.491137255,3.568627451,1.393254902,0.390417582,0.504,4.1,3,9.7,0.4,3.8,0.35,0.37,4,0.803431373,11.38336669,8.651358681,0.459230769
Armon Johnson,Tor,SG,22,64,24.1,49.7,14.4,0.2,84,0.69,335,5.234375,0.579,3.030703125,5,0.078125,0.4,0.03125,5.3125,3.061953125,0.576367647,0.6,7.1,6.4,15.5,1.2,8.8,0.52,1.08,6.3,0.905625,19.0810465,14.50159534,0.579308824
Arron Afflalo,Den,SG,26,62,33.5,68.8,19.2,0.095,247,0.798,478,7.709677419,0.504,3.885677419,221,3.564516129,0.398,1.418677419,11.27419355,5.304354839,0.470486409,0.584,15.2,3.2,5.5,2.4,11.2,0.58,0.21,5.8,3.179129032,19.9050855,15.12786498,0.533403433
Austin Daye,Det,PF,23,41,14.5,29.9,22.2,0.14,43,0.814,165,4.024390244,0.364,1.464878049,62,1.512195122,0.21,0.317560976,5.536585366,1.782439024,0.321938326,0.394,4.7,2.2,9.1,0.8,9.3,0.54,0.51,5.6,0.853707317,11.92959194,9.066489872,0.35061674
Avery Bradley,Bos,SG,21,64,21.2,43.9,18.1,0.147,78,0.795,348,5.4375,0.511,2.7785625,54,0.84375,0.407,0.34340625,6.28125,3.12196875,0.497029851,0.555,7.6,1.8,5,1.4,10.9,0.66,0.19,5,0.96890625,15.36731411,11.67915872,0.524365672
Baron Davis,Nyk,PG,32,29,20.3,41.7,20.6,0.281,24,0.667,99,3.413793103,0.424,1.447448276,85,2.931034483,0.306,0.896896552,6.344827586,2.344344828,0.36948913,0.457,6.1,1.9,5.5,4.7,36.6,1.14,0.1,7.5,0.552,18.07075626,13.73377476,0.440168478
Ben Gordon,Det,SG,28,52,26.7,55.1,23.5,0.163,136,0.86,383,7.365384615,0.446,3.284961538,147,2.826923077,0.429,1.21275,10.19230769,4.497711538,0.441284906,0.549,12.5,2.3,5.2,2.4,16.7,0.65,0.21,6.1,2.249230769,19.49156961,14.81359291,0.500778302
Ben Wallace,Det,C,37,62,15.6,32.2,6.7,0.242,47,0.34,82,1.322580645,0.402,0.531677419,4,0.064516129,0.25,0.016129032,1.387096774,0.547806452,0.394930233,0.398,1.4,4.3,16.6,0.7,6.5,0.76,0.82,4.1,0.257741935,12.37048078,9.401565391,0.400744186
Ben Uzoh,Tor,PG,24,16,22.1,44.7,16.1,0.157,19,0.579,93,5.8125,0.355,2.0634375,1,0.0625,0,0,5.875,2.0634375,0.351223404,0.376,4.8,3.9,10.4,3.7,27,1,0.19,7.4,0.6875625,14.41598703,10.95615014,0.351223404
Beno Udrih,Mil,PG,29,59,18.1,37.6,17.9,0.178,55,0.709,273,4.627118644,0.473,2.188627119,59,1,0.288,0.288,5.627118644,2.476627119,0.440123494,0.488,5.9,1.7,5.3,3.8,32.6,0.63,0.02,7.4,0.660932203,17.72616034,13.47188186,0.465713855
Bill Walker,Nyk,SG,24,32,19.2,39.5,15.7,0.163,20,0.85,58,1.8125,0.552,1.0005,113,3.53125,0.319,1.12646875,5.34375,2.12696875,0.39802924,0.526,5.9,2.5,7.5,1.2,9.8,0.59,0.22,5.4,0.53125,13.34446351,10.14179227,0.503429825
Bismack Biyombo,Cha,SF,19,63,22.9,47.6,13.2,0.172,143,0.483,278,4.412698413,0.464,2.047492063,0,0,0,0,4.412698413,2.047492063,0.464,0.48,5.2,5.8,14.6,0.4,3.1,0.32,1.83,4,1.096333333,15.49715603,11.77783858,0.464
Blake Griffin,Lac,PF,22,66,36.1,74.5,26.7,0.109,468,0.521,1005,15.22727273,0.556,8.466363636,16,0.242424242,0.125,0.03030303,15.46969697,8.496666667,0.549245837,0.557,20.7,10.9,17.9,3.2,16.7,0.83,0.74,9.9,3.694363636,30.38415773,23.09195987,0.550225269
Bobby Simmons,Lac,SF,31,28,14.7,30.1,11.5,0.097,7,0.571,30,1.071428571,0.267,0.286071429,60,2.142857143,0.333,0.713571429,3.214285714,0.999642857,0.311,0.43,2.9,2,7.9,0.4,3.8,0.54,0.11,3.6,0.14275,7.125115438,5.415087733,0.422
Boris Diaw,Cha,PF,29,37,27.3,56.6,17.3,0.222,27,0.63,197,5.324324324,0.472,2.513081081,86,2.324324324,0.267,0.620594595,7.648648649,3.133675676,0.40970318,0.461,7.4,5.3,11.1,4.3,27.2,0.54,0.51,8.1,0.45972973,16.13200925,12.26032703,0.450272085
Boris Diaw,San,PF,29,20,20.1,41,11.3,0.281,8,0.625,55,2.75,0.582,1.6005,13,0.65,0.615,0.39975,3.4,2.00025,0.588308824,0.65,4.7,4.3,12.1,2.4,16.2,0.7,0.3,7.3,0.25,17.5073071,13.3055534,0.647095588
Brandon Bass,Bos,PF,26,59,31.5,65.1,19.9,0.085,163,0.81,632,10.71186441,0.479,5.130983051,0,0,0,0,10.71186441,5.130983051,0.479,0.524,12.5,6.2,11.6,0.9,5.2,0.58,0.92,5.2,2.23779661,18.25156631,13.87119039,0.479
Brandon Jennings,Mil,PG,22,66,35.1,73.1,26.1,0.106,239,0.808,734,11.12121212,0.465,5.171363636,388,5.878787879,0.332,1.951757576,17,7.123121212,0.41900713,0.514,19.1,3.4,5.4,5.5,26.8,1.59,0.33,8.1,2.925939394,24.28994615,18.46035907,0.476411765
Brandon Knight,Det,PG,20,66,32,66.2,21.9,0.171,137,0.759,493,7.46969697,0.434,3.241848485,276,4.181818182,0.38,1.589090909,11.65151515,4.830939394,0.414618986,0.511,12.8,3.2,6,3.8,21,0.74,0.15,6.7,1.5755,17.22650221,13.09214168,0.482811443
Brandon Rush,Gol,SG,26,65,26.2,54.4,15.5,0.119,82,0.793,250,3.846153846,0.544,2.092307692,219,3.369230769,0.452,1.522892308,7.215384615,3.6152,0.501040512,0.628,9.8,3.8,8.3,1.4,8,0.54,0.89,5.7,1.0004,18.32482687,13.92686842,0.606571429
Brandon Wright,Dal,PF,24,49,16,32.6,17.2,0.072,82,0.634,232,4.734693878,0.621,2.940244898,1,0.020408163,0,0,4.755102041,2.940244898,0.618334764,0.632,6.9,3.6,12.5,0.3,3,0.45,1.29,4.9,1.060979592,24.05114263,18.2788684,0.618334764
Brendan Haywood,Dal,C,32,54,21,43,12.9,0.145,96,0.469,228,4.222222222,0.518,2.187111111,0,0,0,0,4.222222222,2.187111111,0.518,0.52,5.2,6,16,0.4,2.6,0.44,1,4.4,0.833777778,16.25673502,12.35511861,0.518
Byron Mullens,Cha,C,22,65,22.3,46.4,22.7,0.104,112,0.821,540,8.307692308,0.443,3.680307692,51,0.784615385,0.235,0.184384615,9.092307692,3.864692308,0.425050761,0.473,9.3,5,12.9,0.9,7.6,0.32,0.8,6.2,1.414646154,17.49402595,13.29545972,0.435190355
C.J. Miles,Uta,SF,24,56,20.2,41.2,22.9,0.092,136,0.794,315,5.625,0.416,2.34,150,2.678571429,0.307,0.822321429,8.303571429,3.162321429,0.38083871,0.484,9.1,2.1,5.9,1.2,9.8,0.84,0.3,5.6,1.928285714,17.49514671,13.2963115,0.430354839
C.J. Watson,Chi,PG,27,49,23.5,48.5,22.9,0.167,104,0.808,264,5.387755102,0.352,1.896489796,173,3.530612245,0.393,1.387530612,8.918367347,3.284020408,0.368231121,0.491,9.7,2.1,5.1,4.1,27.4,0.92,0.16,7.4,1.714938776,19.5589166,14.86477662,0.446021739
Carl Landry,Nor,PF,28,41,24.2,49.9,24.2,0.128,184,0.799,358,8.731707317,0.508,4.435707317,3,0.073170732,0,0,8.804878049,4.435707317,0.503778393,0.578,12.5,5.2,12.8,0.9,7.1,0.32,0.29,6.4,3.585756098,24.39614545,18.54107054,0.503778393
Carlos Boozer,Chi,PF,30,66,29.3,60.7,24,0.113,137,0.693,841,12.74242424,0.533,6.791712121,1,0.015151515,0,0,12.75757576,6.791712121,0.532366983,0.549,15,8.5,16.3,1.9,11.9,0.95,0.36,8.5,1.4385,25.07700854,19.05852649,0.532366983
Carlos Delfino,Mil,SF,29,54,28.3,58.8,15.6,0.122,48,0.792,213,3.944444444,0.446,1.759222222,239,4.425925926,0.36,1.593333333,8.37037037,3.352555556,0.400526549,0.514,9,3.9,7.5,2.3,12,1.46,0.19,6.1,0.704,15.61449715,11.86701783,0.49570354
Carmelo Anthony,Nyk,SF,27,55,33.9,70.2,32,0.108,367,0.804,822,14.94545455,0.454,6.785236364,203,3.690909091,0.335,1.236454545,18.63636364,8.021690909,0.430432195,0.525,22.6,6.3,10.7,3.6,21.2,1.15,0.44,9.4,5.364872727,29.61747592,22.5092817,0.463605366
Caron Butler,Lac,SF,31,63,29.5,61,20.6,0.093,107,0.813,448,7.111111111,0.435,3.093333333,257,4.079365079,0.358,1.460412698,11.19047619,4.553746032,0.406930496,0.501,12,3.7,7.4,1.2,6.9,0.83,0.13,5.1,1.380809524,14.91490935,11.33533111,0.472182979
Cartier Martin,Was,SG,27,17,22.8,47.3,17.9,0.084,19,0.579,59,3.470588235,0.508,1.763058824,75,4.411764706,0.387,1.707352941,7.882352941,3.470411765,0.440276119,0.555,9.3,3.4,8.4,0.6,4.2,0.65,0.12,4.7,0.647117647,15.81399019,12.01863255,0.548578358
Chandler Parsons,Hou,PF,23,63,28.5,58.4,16.8,0.121,78,0.551,371,5.888888889,0.507,2.985666667,178,2.825396825,0.337,0.95215873,8.714285714,3.937825397,0.451881603,0.513,9.5,4.7,9.7,2.1,11.7,1.16,0.48,6.4,0.682190476,16.59421073,12.61160016,0.506513661
Channing Frye,Pho,C,28,64,25.9,54,19.5,0.088,82,0.89,350,5.46875,0.469,2.56484375,263,4.109375,0.346,1.42184375,9.578125,3.9866875,0.416228385,0.519,10.5,5.9,12.9,1.4,8.3,0.66,1.08,6.8,1.1403125,19.28386462,14.65573711,0.490451876
Charles Jenkins,Gol,PG,22,51,17.3,35.8,19.2,0.163,39,0.872,271,5.31372549,0.469,2.492137255,20,0.392156863,0.15,0.058823529,5.705882353,2.550960784,0.447075601,0.482,5.8,1.3,4.4,3.3,30.3,0.65,0.12,6.8,0.666823529,17.01238438,12.92941213,0.45223024
Charlie Villanueva,Det,PF,27,13,13.6,27.3,26.4,0.069,7,0.857,46,3.538461538,0.435,1.539230769,45,3.461538462,0.333,1.152692308,7,2.691923077,0.38456044,0.484,7,3.7,16.2,0.5,6.5,0.54,0.38,6.9,0.461461538,19.51480186,14.83124942,0.466895604
Chase Budinger,Hou,SF,23,58,22.2,45.5,19.7,0.099,70,0.771,252,4.344827586,0.476,2.068137931,219,3.775862069,0.402,1.517896552,8.120689655,3.586034483,0.441592357,0.556,9.6,3.7,9.7,1.3,9.4,0.52,0.1,6.5,0.930517241,17.95343432,13.64461009,0.535050955
Chauncey Billups,Lac,PG,35,20,30.2,61.2,23.5,0.121,95,0.895,103,5.15,0.34,1.751,125,6.25,0.384,2.4,11.4,4.151,0.364122807,0.554,15,2.5,4.9,4,21.2,0.45,0.15,7,4.25125,22.18863075,16.86335937,0.469385965
Chris Andersen,Den,C,33,32,15,30.5,14.9,0.106,82,0.61,108,3.375,0.546,1.84275,0,0,0,0,3.375,1.84275,0.546,0.583,5.3,4.6,18,0.2,1.8,0.59,1.44,4.5,1.563125,24.43722785,18.57229317,0.546
Chris Bosh,Mia,PF,27,57,35,71.9,24.3,0.112,279,0.821,772,13.54385965,0.496,6.717754386,35,0.614035088,0.286,0.175614035,14.15789474,6.893368421,0.486892193,0.551,18,7.9,13.5,1.8,9.1,0.89,0.79,7.3,4.018578947,24.80144231,18.84909616,0.493094176
Chris Duhon,Orl,PG,29,63,19.3,39.9,11.3,0.276,21,0.81,84,1.333333333,0.417,0.556,119,1.888888889,0.42,0.793333333,3.222222222,1.349333333,0.418758621,0.558,3.8,1.6,4.8,2.4,19.3,0.56,0.14,5.1,0.27,11.61556408,8.827828703,0.541862069
Chris Kaman,Nor,C,29,47,29,59.8,26.9,0.167,107,0.785,597,12.70212766,0.446,5.665148936,0,0,0,0,12.70212766,5.665148936,0.446,0.478,13.1,7.7,15.9,2.1,14.1,0.53,1.64,8.2,1.78712766,21.91681476,16.65677922,0.446
Chris Paul,Lac,PG,26,60,36.2,74.7,24.4,0.108,302,0.861,678,11.3,0.51,5.763,213,3.55,0.371,1.31705,14.85,7.08005,0.476771044,0.581,19.8,3.6,5.8,9.1,44.1,2.52,0.07,9.6,4.3337,32.06823467,24.37185835,0.521116162
Chris Singleton,Was,SF,22,66,21.5,44.6,11.7,0.103,44,0.682,185,2.803030303,0.389,1.090378788,127,1.924242424,0.346,0.665787879,4.727272727,1.756166667,0.371496795,0.462,4.6,3.5,9.3,0.7,5.1,1.06,0.44,4.2,0.454666667,11.32621321,8.60792204,0.441916667
Chris Wilcox,Bos,PF,29,28,17,34.9,15.5,0.195,39,0.615,107,3.821428571,0.598,2.285214286,0,0,0,0,3.821428571,2.285214286,0.598,0.612,5.4,4.4,15.1,0.4,4.2,0.39,0.32,5,0.856607143,18.01695,13.692882,0.598
Chuck Hayes,Sac,PF,28,54,19,39.4,10,0.211,39,0.667,168,3.111111111,0.435,1.353333333,2,0.037037037,0,0,3.148148148,1.353333333,0.429882353,0.459,3.2,4.3,12.5,1.4,10.4,0.67,0.31,5.6,0.481722222,12.5799098,9.560731449,0.429882353
Corey Brewer,Den,SF,25,59,21.6,44.4,20.2,0.097,130,0.692,337,5.711864407,0.501,2.861644068,128,2.169491525,0.258,0.559728814,7.881355932,3.421372881,0.434109677,0.505,8.9,2.5,6.9,1.5,10.7,1.22,0.29,6,1.524745763,18.59125271,14.12935206,0.469619355
Corey Maggette,Cha,SF,32,32,27.3,56.6,27.6,0.113,208,0.856,307,9.59375,0.375,3.59765625,66,2.0625,0.364,0.75075,11.65625,4.34840625,0.373053619,0.517,15,3.9,8.2,1.2,8.4,0.72,0.03,6,5.564,23.05712928,17.52341826,0.405257373
Cory Higgins,Cha,SG,22,38,10.9,22.6,25.1,0.173,60,0.7,140,3.684210526,0.343,1.263684211,20,0.526315789,0.2,0.105263158,4.210526316,1.368947368,0.325125,0.402,3.9,0.9,4.8,0.9,15.4,0.13,0.16,5.4,1.105263158,10.7282569,8.153475247,0.337625
Courtney Lee,Hou,SG,26,58,30.1,61.6,17.8,0.095,86,0.826,363,6.25862069,0.452,2.828896552,217,3.74137931,0.401,1.500293103,10,4.329189655,0.432918966,0.534,11.4,2.7,5.3,1.5,8.1,1.17,0.38,4.8,1.224758621,15.4929215,11.77462034,0.507933621
D.J. Augustin,Cha,PG,24,48,29.1,60.5,21.4,0.169,120,0.875,308,6.416666667,0.396,2.541,179,3.729166667,0.341,1.271645833,10.14583333,3.812645833,0.375784394,0.493,11.1,2.3,4.5,6.4,39.2,0.75,0.02,7.5,2.1875,19.67470019,14.95277214,0.438452772
D.J. White,Cha,PF,31,58,18.8,38.9,17.9,0.102,61,0.705,352,6.068965517,0.491,2.979862069,1,0.017241379,1,0.017241379,6.086206897,2.997103448,0.492441926,0.516,6.8,3.6,11,0.8,8.1,0.29,0.4,5.7,0.741465517,15.63908037,11.88570108,0.493858357
Daequan Cook,Okc,SG,24,57,17.1,35.3,14.9,0.05,22,0.636,68,1.192982456,0.441,0.526105263,228,4,0.346,1.384,5.192982456,1.910105263,0.367824324,0.509,5.5,2.1,7.1,0.3,2.3,0.39,0.21,3.5,0.245473684,10.35467384,7.869552121,0.501081081
Dahntay Jones,Ind,SG,31,65,16,33,16.1,0.124,99,0.838,203,3.123076923,0.399,1.246107692,77,1.184615385,0.429,0.5082,4.307692308,1.754307692,0.40725,0.532,5.3,1.8,6.3,1,9.7,0.35,0.17,5.3,1.276338462,14.34938188,10.90553023,0.4662375
DaJuan Summers,Nor,PF,23,15,13.7,27.8,17.7,0.104,9,0.778,49,3.266666667,0.469,1.532066667,16,1.066666667,0.313,0.333866667,4.333333333,1.865933333,0.4306,0.493,4.5,1.5,6.7,0.7,8.3,0.47,0,4.9,0.4668,11.8813695,9.029840823,0.469123077
Damien Wilkins,Det,SF,31,60,15.2,31.4,12.5,0.122,54,0.63,170,2.833333333,0.406,1.150333333,23,0.383333333,0.304,0.116533333,3.216666667,1.266866667,0.39384456,0.445,3.2,1.7,6.5,0.7,7.6,0.47,0.22,4.1,0.567,9.175417545,6.973317334,0.411958549
Daniel Gibson,Cle,SG,25,35,26,53.3,15.4,0.144,43,0.791,109,3.114285714,0.294,0.9156,139,3.971428571,0.396,1.572685714,7.085714286,2.488285714,0.351169355,0.493,7.5,2.9,6.3,2.2,13.7,0.74,0.46,5.6,0.9718,13.32081898,10.12382243,0.462145161
Daniel Green,San,SG,24,66,22.8,47.3,17.8,0.114,100,0.79,243,3.681818182,0.449,1.653136364,234,3.545454545,0.436,1.545818182,7.227272727,3.198954545,0.442622642,0.579,9.1,3.5,8.7,1.3,8.4,0.88,0.7,6.1,1.196969697,19.40583925,14.74843783,0.549566038
Daniel Orton,Orl,PF,21,16,11.4,23.1,12.3,0.146,25,0.44,29,1.8125,0.586,1.062125,1,0.0625,0,0,1.875,1.062125,0.566466667,0.549,2.8,2.4,12.3,0.3,4.4,0.5,0.56,4.4,0.6875,16.20693511,12.31727068,0.566466667
Danilo Gallinari,Den,SF,23,43,31.3,63.9,20.8,0.109,209,0.871,283,6.581395349,0.47,3.093255814,183,4.255813953,0.328,1.395906977,10.8372093,4.489162791,0.414236052,0.563,14.6,4.7,8.8,2.7,13.1,0.98,0.53,7.3,4.233465116,23.29136239,17.70143542,0.478639485
Danny Granger,Ind,SF,28,62,33.1,68.2,26.1,0.094,291,0.873,618,9.967741935,0.434,4.326,323,5.209677419,0.381,1.984887097,15.17741935,6.310887097,0.415807651,0.542,18.7,5,8.4,1.8,9.7,1,0.65,6.7,4.097467742,23.8536806,18.12879726,0.481197131
Dante Cunningham,Mem,SF,24,64,17.4,35.9,13.8,0.086,69,0.652,277,4.328125,0.52,2.250625,2,0.03125,0,0,4.359375,2.250625,0.516272401,0.538,5.2,3.8,12.9,0.6,5.3,0.66,0.53,5.2,0.7029375,16.50748413,12.54568794,0.516272401
Darko Milicic,Min,C,26,29,16.1,33,17,0.179,37,0.432,130,4.482758621,0.454,2.035172414,0,0,0,0,4.482758621,2.035172414,0.454,0.458,4.6,3.3,11.5,0.6,6,0.31,0.86,5.2,0.551172414,14.15699791,10.75931841,0.454
Darren Collison,Ind,PG,24,60,31.1,64.1,17.1,0.162,153,0.83,429,7.15,0.455,3.25325,94,1.566666667,0.362,0.567133333,8.716666667,3.820383333,0.438284895,0.524,10.3,3.1,5.6,4.8,25.2,0.82,0.22,6.9,2.1165,18.07777868,13.7391118,0.470816444
David Lee,Gol,PF,28,57,37,76.7,26.1,0.125,280,0.782,917,16.0877193,0.506,8.140385965,5,0.087719298,0,0,16.1754386,8.140385965,0.503255965,0.549,20.1,9.5,14.6,2.8,13.7,0.96,0.39,8.8,3.841403509,26.56623531,20.19033884,0.503255965
David West,Ind,PF,31,66,29,59.8,21,0.105,176,0.807,708,10.72727273,0.492,5.277818182,9,0.136363636,0.222,0.030272727,10.86363636,5.308090909,0.488610879,0.531,12.8,6.6,12.7,2.1,13.1,0.79,0.7,7.8,2.152,22.10288873,16.79819544,0.490004184
DeAndre Jordan,Lac,C,23,66,27.1,55.9,11.9,0.16,141,0.525,325,4.924242424,0.634,3.121969697,1,0.015151515,0,0,4.939393939,3.121969697,0.632055215,0.626,7.4,8.3,18.2,0.3,1.5,0.45,2.05,3.9,1.121590909,19.87874736,15.10784799,0.632055215
DeJuan Blair,San,PF,22,64,21.1,43.7,21.9,0.142,119,0.613,503,7.859375,0.535,4.204765625,1,0.015625,0,0,7.875,4.204765625,0.533938492,0.549,9.5,5.5,14.9,1.2,9.3,0.92,0.19,7.5,1.139796875,22.87350261,17.38386198,0.533938492
Delonte West,Dal,SG,28,44,23.9,48.7,20.6,0.163,70,0.886,284,6.454545455,0.489,3.156272727,76,1.727272727,0.355,0.613181818,8.181818182,3.769454545,0.460711111,0.539,9.6,2.3,5.4,3.2,22.5,1.32,0.25,6.9,1.409545455,20.39785567,15.50237031,0.498183333
DeMar DeRozan,Tor,SG,22,63,34.8,72,25.2,0.105,331,0.81,811,12.87301587,0.44,5.664126984,92,1.46031746,0.261,0.381142857,14.33333333,6.045269841,0.421763012,0.503,16.7,3.3,5.6,2,10.9,0.76,0.27,5.5,4.255714286,18.88066081,14.34930221,0.435058693
DeMarcus Cousins,Sac,PF,21,64,30.3,62.7,29.9,0.128,373,0.702,985,15.390625,0.453,6.971953125,14,0.21875,0.143,0.03128125,15.609375,7.003234375,0.448655656,0.499,18.1,11,19.9,1.6,9.6,1.45,1.17,9,4.09134375,30.67261838,23.31118997,0.449657658
DeMarre Carroll,Uta,SF,25,20,16.2,31.6,16,0.078,16,0.875,80,4,0.375,1.5,19,0.95,0.368,0.3496,4.95,1.8496,0.373656566,0.448,4.8,2.5,8.9,0.8,7,0.6,0.05,5.2,0.7,11.59213767,8.81002463,0.408969697
Derek Fisher,Lal,PG,37,43,25.4,51.8,13.5,0.181,53,0.83,166,3.860465116,0.41,1.582790698,74,1.720930233,0.324,0.557581395,5.581395349,2.140372093,0.383483333,0.479,5.9,2.1,4.7,3.3,19.3,0.93,0.07,5.4,1.023023256,12.90275551,9.806094191,0.433433333
Derek Fisher,Okc,PG,37,20,20.1,40.6,14.5,0.116,14,0.929,73,3.65,0.356,1.2994,35,1.75,0.314,0.5495,5.4,1.8489,0.342388889,0.429,4.9,1.5,4.1,1.4,10.3,0.55,0.05,4.3,0.6503,8.579348801,6.520305089,0.393268519
Deron Williams,Njn,PG,27,55,36.1,74.9,30.3,0.167,305,0.843,618,11.23636364,0.447,5.022654545,341,6.2,0.337,2.0894,17.43636364,7.112054545,0.40788634,0.528,21,3.3,5.4,8.7,47,1.22,0.35,9.4,4.674818182,28.97750676,22.02290514,0.467801355
Derrick Brown,Cha,SG,24,65,22,45.7,17,0.105,141,0.667,385,5.923076923,0.535,3.168846154,24,0.369230769,0.25,0.092307692,6.292307692,3.261153846,0.518276284,0.556,8.1,3.6,9.5,1,8.6,0.74,0.17,5.6,1.446876923,17.77724844,13.51070881,0.525611247
Derrick Favors,Uta,PF,20,65,21,42.8,20.9,0.164,194,0.649,445,6.846153846,0.499,3.416230769,0,0,0,0,6.846153846,3.416230769,0.499,0.537,8.8,6.5,17.9,0.7,5.1,0.57,1,6.5,1.937015385,23.5396369,17.89012404,0.499
Derrick Rose,Chi,PG,23,39,35.1,72.3,30.6,0.129,239,0.812,522,13.38461538,0.475,6.357692308,173,4.435897436,0.312,1.384,17.82051282,7.741692308,0.434425899,0.532,21.8,3.4,5.3,7.9,40.6,0.9,0.72,9.5,4.976102564,30.33172828,23.0521135,0.473257554
Derrick Williams,Min,SF,20,66,21.2,44,21,0.117,195,0.697,360,5.454545455,0.467,2.547272727,138,2.090909091,0.268,0.560363636,7.545454545,3.107636364,0.411855422,0.499,8.8,4.7,12.3,0.6,4.6,0.45,0.47,5.5,2.059318182,18.59149673,14.12953752,0.448987952
DeSagana Diop,Cha,C,29,27,11.9,24.5,9.2,0.299,6,0.167,42,1.555555556,0.357,0.555333333,0,0,0,0,1.555555556,0.555333333,0.357,0.347,1.1,3.1,15.2,0.9,11.2,0.22,0.48,4.9,0.037111111,9.261609123,7.038822933,0.357
DeShawn Stevenson,Njn,SG,30,51,18.6,38.7,9.5,0.096,16,0.563,27,0.529411765,0.296,0.156705882,145,2.843137255,0.283,0.804607843,3.37254902,0.961313725,0.285040698,0.413,2.9,2,6.2,0.8,6.5,0.37,0.08,3.6,0.176627451,5.601621554,4.257232381,0.404328488
Devin Ebanks,Lal,SF,22,24,16.3,32.7,14.3,0.147,35,0.657,80,3.333333333,0.463,1.543333333,9,0.375,0,0,3.708333333,1.543333333,0.416179775,0.465,4,2.3,7.7,0.5,4.6,0.46,0.25,4.1,0.958125,11.13789165,8.464797656,0.416179775
Devin Harris,Uta,PG,28,63,27.4,56,19.6,0.161,209,0.746,329,5.222222222,0.498,2.600666667,213,3.380952381,0.362,1.223904762,8.603174603,3.824571429,0.444553506,0.564,11.3,1.8,3.7,5,28.5,1.02,0.21,6.8,2.474825397,22.35449693,16.98941767,0.515684502
Dirk Nowitzki,Dal,PF,33,62,33.3,68.4,29.4,0.089,355,0.896,823,13.27419355,0.48,6.371612903,212,3.419354839,0.368,1.258322581,16.69354839,7.629935484,0.457058937,0.563,21.6,6.8,11.4,2.2,12.7,0.68,0.48,8.2,5.130322581,28.71773823,21.82548106,0.494747826
Dominic McGuire,Gol,SF,26,64,17.4,36.1,12,0.194,53,0.736,206,3.21875,0.456,1.46775,4,0.0625,0,0,3.28125,1.46775,0.447314286,0.486,3.5,3.8,12.5,1.7,14.1,0.69,0.56,6.5,0.6095,15.33688925,11.65603583,0.447314286
Donald Sloan,Cle,PG,23,25,24.2,49.3,17.1,0.183,26,0.808,154,6.16,0.448,2.75968,22,0.88,0.091,0.08008,7.04,2.83976,0.403375,0.44,6.6,2.4,5.6,3.7,25.8,0.4,0.12,6.4,0.84032,13.04131967,9.911402951,0.4090625
Donte Greene,Sac,SF,23,53,14.5,30,18.2,0.1,55,0.8,160,3.018867925,0.513,1.548679245,105,1.981132075,0.238,0.471509434,5,2.020188679,0.404037736,0.489,5.3,2.5,9.5,0.6,6.9,0.34,0.55,5.5,0.830188679,15.22146823,11.56831585,0.451188679
Dorell Wright,Gol,SF,26,61,26.8,55.6,17.5,0.082,98,0.816,234,3.836065574,0.5,1.918032787,292,4.786885246,0.36,1.723278689,8.62295082,3.641311475,0.422281369,0.553,10.3,4.6,9.6,1.5,8.9,0.95,0.43,6.2,1.31095082,18.08469595,13.74436892,0.522205323
Drew Gooden,Mil,PF,30,56,26,54.1,25.9,0.127,208,0.846,602,10.75,0.45,4.8375,55,0.982142857,0.291,0.285803571,11.73214286,5.123303571,0.436689498,0.512,13.7,6.5,13.7,2.6,16.7,0.8,0.61,9.4,3.142285714,25.9468098,19.71957545,0.448869863
Dwight Howard,Orl,C,26,54,38.1,78.6,26.3,0.152,572,0.491,719,13.31481481,0.579,7.709277778,7,0.12962963,0,0,13.44444444,7.709277778,0.573417355,0.569,20.6,14.5,22,1.9,9.9,1.5,2.15,8.7,5.200962963,34.13363022,25.94155896,0.573417356
Dwyane Wade,Mia,SG,30,49,33,67.5,31.5,0.118,297,0.791,781,15.93877551,0.513,8.176591837,56,1.142857143,0.268,0.306285714,17.08163265,8.482877551,0.496608124,0.559,22.1,4.8,8.8,4.6,27.6,1.67,1.29,9.5,4.794428571,33.31178583,25.31695723,0.505573477
Earl Clark,Orl,SF,23,45,12.2,25.2,15.1,0.141,29,0.724,139,3.088888889,0.367,1.133622222,0,0,0,0,3.088888889,1.133622222,0.367,0.405,2.7,2.8,13,0.4,5.3,0.27,0.71,4.7,0.466577778,11.33914923,8.617753412,0.367
Earl Watson,Uta,PG,32,50,20.4,41.5,11.7,0.32,46,0.674,108,2.16,0.407,0.87912,52,1.04,0.192,0.19968,3.2,1.0788,0.337125,0.413,3,2.4,6.8,4.3,29.2,1.08,0.44,6.2,0.62008,15.06412497,11.44873498,0.368325
Ed Davis,Tor,PF,22,66,23.1,47.7,13.9,0.149,106,0.67,334,5.060606061,0.515,2.606212121,1,0.015151515,0,0,5.075757576,2.606212121,0.513462687,0.544,6.3,6.6,16.9,0.9,6.6,0.61,0.94,5.8,1.076060606,17.96234031,13.65137864,0.513462687
Eduardo Najera,Cha,PF,35,22,12.1,25,12.6,0.096,4,0.5,35,1.590909091,0.457,0.727045455,29,1.318181818,0.276,0.363818182,2.909090909,1.090863636,0.374984375,0.441,2.6,2.3,10.8,0.5,6.9,0.86,0.18,4.8,0.090909091,11.36329465,8.636103931,0.437515625
Ekpe Udoh,Gol,PF,24,38,21.5,44.5,14,0.141,64,0.719,185,4.868421053,0.443,2.156710526,0,0,0,0,4.868421053,2.156710526,0.443,0.493,5.5,3.9,10.2,0.8,5.6,0.66,1.71,4.8,1.210947368,16.00905651,12.16688295,0.443
Ekpe Udoh,Mil,PF,24,23,19.9,41.3,14.4,0.12,50,0.8,108,4.695652174,0.417,1.958086957,2,0.086956522,0,0,4.782608696,1.958086957,0.409418182,0.492,5.7,4.7,12.9,1.1,8.2,0.65,1.61,6.2,1.739130435,19.19359859,14.58713493,0.409418182
Elton Brand,Phi,PF,32,60,28.7,59.4,19.1,0.094,120,0.725,579,9.65,0.494,4.7671,3,0.05,0,0,9.7,4.7671,0.491453608,0.519,11,7.2,13.9,1.6,9.3,0.98,1.63,7,1.45,21.38304525,16.25111439,0.491453608
Emeka Okafor,Nor,C,29,27,28.8,59,17.3,0.13,74,0.514,214,7.925925926,0.533,4.224518519,0,0,0,0,7.925925926,4.224518519,0.533,0.539,9.9,7.9,16.4,0.9,5.4,0.59,0.96,5.7,1.408740741,19.2944515,14.66378314,0.533
Enes Kanter,Uta,C,19,66,13.1,26.6,17.5,0.161,105,0.667,235,3.560606061,0.498,1.773181818,1,0.015151515,0,0,3.575757576,1.773181818,0.495889831,0.539,4.6,4.2,18.5,0.1,1.4,0.27,0.35,3.8,1.061136364,18.66685738,14.18681161,0.49588983
Eric Bledsoe,Lac,PG,22,40,11.4,23.5,19.4,0.244,44,0.636,96,2.4,0.448,1.0752,30,0.75,0.2,0.15,3.15,1.2252,0.388952381,0.454,3.3,1.6,8.5,1.7,22,0.78,0.35,7.3,0.6996,17.76999935,13.50519951,0.412761905
Ersan Ilyasova,Mil,PF,24,60,27.4,56.9,20.2,0.101,183,0.781,485,8.083333333,0.501,4.04975,112,1.866666667,0.455,0.849333333,9.95,4.899083333,0.492370184,0.577,13,8.8,17.8,1.2,7.1,0.7,0.73,7.5,2.38205,25.45586627,19.34645837,0.535050251
Evan Turner,Phi,SG,23,65,26.2,54.3,20.5,0.143,108,0.676,540,8.307692308,0.467,3.879692308,49,0.753846154,0.224,0.168861538,9.061538462,4.048553846,0.44678438,0.479,9.4,5.8,12.3,2.8,17,0.62,0.29,8.2,1.1232,18.11060554,13.76406021,0.456101868
Francisco Garcia,Sac,SG,31,49,16.1,33.3,14.5,0.083,30,0.8,98,2,0.49,0.98,131,2.673469388,0.29,0.775306122,4.673469388,1.755306122,0.37558952,0.483,4.8,2,6.9,0.6,5.8,0.73,0.76,4.5,0.489795918,13.12763802,9.977004892,0.458537118
Gary Forbes,Tor,SG,23,48,14.7,30.3,24.4,0.148,91,0.725,187,3.895833333,0.444,1.72975,84,1.75,0.345,0.60375,5.645833333,2.3335,0.413313653,0.513,6.6,2.1,8.5,1.1,13.9,0.5,0.08,6.7,1.374479167,18.76887056,14.26434163,0.466782288
Gary Neal,San,PG,24,56,21.4,44.2,21.9,0.105,64,0.781,288,5.142857143,0.448,2.304,198,3.535714286,0.419,1.481464286,8.678571429,3.785464286,0.436185185,0.542,9.9,2.1,5.7,2.1,15.2,0.48,0.04,6.6,0.892571429,17.97302932,13.65950228,0.521537037
George Hill,Ind,PG,25,50,25.3,52,17.3,0.106,117,0.778,233,4.66,0.489,2.27874,147,2.94,0.367,1.07898,7.6,3.35772,0.441805263,0.557,9.6,3,6.7,2.9,19.2,0.84,0.34,6.9,1.82052,19.47197515,14.79870111,0.512790789
Gerald Henderson,Cha,SG,24,55,33.1,68.7,23.1,0.11,204,0.76,675,12.27272727,0.476,5.841818182,47,0.854545455,0.234,0.199963636,13.12727273,6.041781818,0.460246537,0.511,15.1,4.1,7.1,2.3,13.6,0.89,0.36,6.3,2.818909091,19.30513117,14.67189969,0.467862881
Gerald Green,Njn,SG,28,31,25,51.8,23.8,0.136,65,0.754,210,6.774193548,0.529,3.583548387,110,3.548387097,0.391,1.387419355,10.32258065,4.970967742,0.4815625,0.574,12.9,3.5,8,1.1,8.5,0.9,0.55,5.9,1.580967742,21.9183504,16.6579463,0.548765625
Gerald Wallace,Por,SF,29,42,35.5,73.1,17.9,0.144,161,0.776,332,7.904761905,0.533,4.213238095,98,2.333333333,0.265,0.618333333,10.23809524,4.831571429,0.47192093,0.556,13.3,6.6,10.8,2.7,12.5,1.48,0.6,7,2.974666667,20.96201,15.9311276,0.502118605
Gerald Wallace,Njn,SF,29,16,35.6,73.1,20.7,0.105,64,0.859,150,9.375,0.427,4.003125,52,3.25,0.385,1.25125,12.625,5.254375,0.416188119,0.528,15.2,6.8,11.1,3.1,15.3,1.44,0.69,7.7,3.436,22.10210066,16.7975965,0.465742574
Gilbert Arenas,Mem,PG,30,17,12.2,24.9,17.5,0.149,10,0.7,25,1.470588235,0.52,0.764705882,39,2.294117647,0.333,0.763941176,3.764705882,1.528647059,0.406046875,0.526,4.2,1.1,5.1,1.1,13.6,0.65,0.06,5.6,0.411764706,14.64341064,11.12899208,0.507507813
Glen Davis,Orl,PF,26,61,23.2,47.9,22.6,0.11,167,0.683,520,8.524590164,0.429,3.65704918,14,0.229508197,0.143,0.032819672,8.754098361,3.689868852,0.421501873,0.466,9.3,5.4,13.5,0.8,6,0.7,0.31,5.9,1.869852459,17.6646789,13.42515596,0.423376404
Goran Dragic,Hou,PG,25,66,26.4,54.2,22,0.187,190,0.805,398,6.03030303,0.525,3.165909091,202,3.060606061,0.337,1.031424242,9.090909091,4.197333333,0.461706667,0.567,11.7,2.5,5.6,5.3,32.7,1.29,0.15,8.1,2.317424242,24.94428335,18.95765535,0.518435
Gordon Hayward,Uta,SF,21,66,30.3,61.9,17.9,0.137,232,0.832,427,6.46969697,0.496,3.208969697,159,2.409090909,0.346,0.833545455,8.878787879,4.042515152,0.455300341,0.568,11.8,3.5,6.6,3.1,16,0.8,0.62,6.7,2.924606061,20.30211561,15.42960786,0.502240614
Grant Hill,Pho,SF,39,49,27.9,58.2,18.7,0.115,107,0.766,398,8.12244898,0.47,3.81755102,53,1.081632653,0.264,0.28555102,9.204081633,4.103102041,0.445791574,0.5,10.2,3.5,7.1,2.2,12.2,0.84,0.59,6.1,1.672693878,16.80216021,12.76964176,0.461303769
Greg Monroe,Det,PF,21,66,31.4,64.8,23.7,0.152,272,0.739,780,11.81818182,0.522,6.169090909,1,0.015151515,0,0,11.83333333,6.169090909,0.521331626,0.563,15.4,9.7,18.4,2.3,14.1,1.27,0.7,8.9,3.045575758,27.70866817,21.05858781,0.521331626
Greg Stiemsma,Bos,C,26,55,13.7,28.4,10.9,0.193,41,0.707,120,2.181818182,0.55,1.2,0,0,0,0,2.181818182,1.2,0.55,0.583,2.9,3.2,13.8,0.5,5.9,0.67,1.55,4.9,0.527036364,18.47807085,14.04333384,0.55
Greivis Vasquez,Nor,SG,24,66,25.6,53.1,20.2,0.205,117,0.821,387,5.863636364,0.47,2.755909091,135,2.045454545,0.319,0.6525,7.909090909,3.408409091,0.430948276,0.514,8.9,2.6,6.1,5.4,36,0.91,0.14,7.8,1.455409091,20.10691802,15.2812577,0.472198276
Gustavo Ayon,Nor,PF,26,54,20,41.3,14.7,0.137,63,0.619,260,4.814814815,0.538,2.59037037,1,0.018518519,0,0,4.833333333,2.59037037,0.535938697,0.552,5.9,4.9,14.6,1.4,11.6,0.98,0.85,6.9,0.722166667,19.7529033,15.01220651,0.535938697
Hakim Warrick,Pho,PF,29,35,14.2,29.6,23.7,0.139,99,0.768,170,4.857142857,0.429,2.083714286,10,0.285714286,0.1,0.028571429,5.142857143,2.112285714,0.410722222,0.503,6.4,2.6,10.4,0.9,9.5,0.23,0.09,6.9,2.172342857,19.77589771,15.02968226,0.4135
Hedo Turkoglu,Orl,SF,32,53,31,63.9,19.6,0.206,95,0.705,246,4.641509434,0.48,2.227924528,258,4.867924528,0.353,1.718377358,9.509433962,3.946301887,0.414988095,0.528,10.9,3.8,7,4.4,24.2,0.85,0.32,7.3,1.263679245,17.98782175,13.67074453,0.505339286
Ian Mahinmi,Dal,C,25,61,18.5,38,14.5,0.142,147,0.639,237,3.885245902,0.549,2.133,1,0.016393443,0,0,3.901639344,2.133,0.546693277,0.585,5.8,4.7,14.4,0.2,1.7,0.62,0.51,3.8,1.539885246,18.80178043,14.28935312,0.546693277
Iman Shumpert,Nyk,SG,21,59,28.7,59.4,18.3,0.16,109,0.798,376,6.372881356,0.441,2.810440678,157,2.661016949,0.306,0.814271186,9.033898305,3.624711864,0.401234522,0.485,9.5,3.2,6.3,2.8,15.8,1.71,0.14,6.1,1.474271186,16.49295811,12.53464816,0.446302064
Isaiah Thomas,Sac,PG,22,65,25.3,52.4,20,0.14,185,0.832,351,5.4,0.493,2.6622,218,3.353846154,0.381,1.277815385,8.753846154,3.940015385,0.450089631,0.576,11.5,2.6,5.6,4.1,25.8,0.82,0.12,7.9,2.368,23.31276269,17.71769964,0.523075571
Ivan Johnson,Atl,SF,27,56,16.5,33.5,19.8,0.178,100,0.72,269,4.803571429,0.517,2.483446429,6,0.107142857,0.333,0.035678571,4.910714286,2.519125,0.512985455,0.558,6.4,4,14.4,0.6,5.8,0.77,0.32,6,1.285714286,20.71552369,15.74379801,0.516618182
J.J. Hickson,Sac,PF,23,35,18.2,37.6,16.2,0.164,58,0.638,173,4.942857143,0.376,1.858514286,1,0.028571429,0,0,4.971428571,1.858514286,0.37383908,0.419,4.8,5.1,15.2,0.6,5.1,0.51,0.49,5.4,1.057257143,14.11738961,10.7292161,0.373839081
J.J. Hickson,Por,PF,23,19,31.4,63.7,21.7,0.109,76,0.645,218,11.47368421,0.546,6.264631579,1,0.052631579,0,0,11.52631579,6.264631579,0.543506849,0.568,15.1,8.3,15.4,1.2,7,0.63,0.95,6.8,2.58,24.47042346,18.59752183,0.543506849
J.J. Redick,Orl,SG,27,65,27,55.7,19.3,0.094,157,0.911,316,4.861538462,0.43,2.090461538,268,4.123076923,0.418,1.723446154,8.984615385,3.813907692,0.424493151,0.575,11.6,2.3,4.9,2.5,16.4,0.42,0.09,6,2.200415385,18.21912485,13.84653488,0.52040411
J.R. Smith,Nyk,SG,26,35,27.4,56.5,22.2,0.097,55,0.709,212,6.057142857,0.462,2.7984,193,5.514285714,0.347,1.913457143,11.57142857,4.711857143,0.407197531,0.508,12.5,3.9,8.2,2.4,15.3,1.54,0.17,7.1,1.114142857,19.60056245,14.89642746,0.489877778
Jamaal Tinsley,Uta,PG,33,37,13.5,27.2,17.9,0.256,17,0.765,104,2.810810811,0.452,1.270486486,37,1,0.27,0.27,3.810810811,1.540486486,0.404241135,0.461,3.7,1.2,5.2,3.3,36.8,0.46,0.22,7.3,0.351486486,16.58025709,12.60099539,0.439666667
Jamal Crawford,Por,SG,31,60,26.7,55.1,26.8,0.118,206,0.927,477,7.95,0.426,3.3867,260,4.333333333,0.308,1.334666667,12.28333333,4.721366667,0.384371777,0.506,14,2,4.3,3.2,20.7,0.92,0.23,6.7,3.1827,21.38277737,16.2509108,0.438700136
Jamal Magloire,Tor,C,33,34,10.8,22.1,10.1,0.279,27,0.259,45,1.323529412,0.378,0.500294118,0,0,0,0,1.323529412,0.500294118,0.378,0.36,1.2,3.3,18.1,0.2,2.5,0.12,0.29,3.4,0.205676471,8.297461351,6.306070627,0.378
Jameer Nelson,Orl,PG,29,57,29.7,61.4,21.6,0.174,88,0.807,375,6.578947368,0.459,3.019736842,231,4.052631579,0.377,1.527842105,10.63157895,4.547578947,0.427742574,0.524,11.9,3.2,6.2,5.7,34.3,0.68,0.07,8.1,1.245894737,19.89379171,15.1192817,0.499596534
James Anderson,San,SG,22,51,11.6,24,17.5,0.132,52,0.75,106,2.078431373,0.443,0.920745098,68,1.333333333,0.279,0.372,3.411764706,1.292745098,0.378908046,0.483,3.7,1.5,7.6,0.8,9.8,0.16,0.04,5.7,0.764705882,11.83564966,8.995093743,0.433425287
James Harden,Okc,SG,24,62,31.2,64.3,21.7,0.148,369,0.846,337,5.435483871,0.579,3.147145161,292,4.709677419,0.39,1.836774194,10.14516129,4.983919355,0.491260731,0.66,16.8,4.1,7.4,3.7,19.4,1,0.24,8.1,5.035064516,28.98945705,22.03198736,0.581785374
James Johnson,Tor,SF,24,62,25.5,52.6,20.5,0.147,118,0.72,467,7.532258065,0.471,3.547693548,68,1.096774194,0.324,0.355354839,8.629032258,3.903048387,0.452315888,0.503,9.5,4.8,11,2.1,14.6,1.18,1.39,7.2,1.370322581,20.61145635,15.66470683,0.472906542
James Jones,Mia,SG,31,51,12.9,26.4,12.2,0.058,30,0.833,36,0.705882353,0.306,0.216,114,2.235294118,0.404,0.903058824,2.941176471,1.119058824,0.38048,0.567,3.6,1,4.5,0.4,4.3,0.33,0.18,3.5,0.49,10.231507,7.775945321,0.534
James Singleton,Was,PF,30,12,21.6,44.7,15.8,0.109,15,0.933,66,5.5,0.591,3.2505,9,0.75,0.222,0.1665,6.25,3.417,0.54672,0.6,8.2,6.8,17.6,1.3,9.6,0.75,0.67,7.7,1.16625,23.19919904,17.63139127,0.56004
Jan Vesely,Was,PF,21,57,18.7,38.9,12.8,0.197,62,0.532,217,3.807017544,0.539,2.051982456,1,0.01754386,0,0,3.824561404,2.051982456,0.536527523,0.544,4.7,4.4,13.2,0.8,6.8,0.68,0.56,5.5,0.578666667,15.92392164,12.10218045,0.536527523
Jannero Pargo,Atl,PG,32,50,13.2,26.8,22.2,0.157,20,0.95,116,2.32,0.457,1.06024,138,2.76,0.384,1.05984,5.08,2.12008,0.417338583,0.54,5.7,1.5,6.5,1.9,24.6,0.4,0.04,7.7,0.38,17.98637315,13.66964359,0.521653543
Jared Dudley,Pho,PF,26,65,30.9,64.3,17.8,0.091,166,0.723,434,6.676923077,0.535,3.572153846,209,3.215384615,0.383,1.231492308,9.892307692,4.803646154,0.48559409,0.575,12.7,4.6,8.5,1.8,9,0.77,0.29,6.1,1.846430769,18.93082952,14.38743044,0.547839036
Jared Jeffries,Nyk,PF,30,39,18.5,38.1,12.7,0.142,72,0.681,128,3.282051282,0.438,1.437538462,16,0.41025641,0.188,0.077128205,3.692307692,1.514666667,0.410222222,0.484,4.4,3.9,12.2,0.7,5.5,0.74,0.64,5,1.257230769,14.91291951,11.33381883,0.420666667
Jarrett Jack,Nor,PG,28,45,33.8,69.8,23.4,0.141,148,0.872,471,10.46666667,0.482,5.044933333,112,2.488888889,0.348,0.866133333,12.95555556,5.911066667,0.45625729,0.54,15.6,3.9,6.9,6.3,34.2,0.69,0.2,8.6,2.867911111,23.22923755,17.65422054,0.489684391
Jason Collins,Atl,C,33,30,10.1,20.1,8.8,0.177,15,0.467,40,1.333333333,0.4,0.533333333,0,0,0,0,1.333333333,0.533333333,0.4,0.418,1.3,1.6,9.3,0.3,4.7,0.13,0.1,3.4,0.2335,5.337480811,4.056485417,0.4
Jason Kidd,Dal,PG,38,48,28.5,58.3,12.7,0.242,28,0.786,50,1.041666667,0.4,0.416666667,223,4.645833333,0.354,1.644625,5.6875,2.061291667,0.362424908,0.524,6.2,4.1,8.1,5.5,28.6,1.71,0.21,7.3,0.4585,17.61427538,13.38684929,0.507007326
Jason Maxiell,Det,PF,28,65,22.3,46.1,16,0.142,106,0.547,381,5.861538462,0.48,2.813538462,2,0.030769231,0,0,5.892307692,2.813538462,0.477493473,0.493,6.5,5.1,13.7,0.6,4.8,0.49,0.77,4.9,0.892030769,15.20151745,11.55315326,0.477493473
Jason Richardson,Orl,SG,30,54,29.3,60.4,20.4,0.087,69,0.594,319,5.907407407,0.442,2.611074074,277,5.12962963,0.368,1.887703704,11.03703704,4.498777778,0.407607383,0.502,11.6,3.6,7.1,2,12.1,0.98,0.41,6,0.759,15.86652692,12.05856046,0.493124161
Jason Smith,Nor,PF,25,40,23.5,48.4,20.6,0.098,47,0.702,339,8.475,0.531,4.500225,9,0.225,0.111,0.024975,8.7,4.5252,0.520137931,0.537,9.9,4.9,12.4,0.9,6.9,0.53,1.03,6,0.82485,19.53075549,14.84337417,0.521573276
Jason Terry,Dal,SG,34,63,31.6,64.8,23.5,0.127,111,0.883,464,7.365079365,0.472,3.47631746,365,5.793650794,0.378,2.19,13.15873016,5.66631746,0.430612786,0.541,15.1,2.4,4.2,3.6,20.1,1.16,0.17,6.4,1.555761905,19.78584821,15.03724464,0.513827503
Jason Thompson,Sac,PF,25,64,25.7,53.3,15.6,0.115,181,0.602,441,6.890625,0.537,3.700265625,2,0.03125,0,0,6.921875,3.700265625,0.534575621,0.558,9.1,6.9,14.8,1.2,7.5,0.66,0.69,6.6,1.70253125,20.6382694,15.68508475,0.534575621
JaVale McGee,Was,C,24,41,27.3,56.7,20.8,0.131,116,0.5,400,9.756097561,0.535,5.219512195,0,0,0,0,9.756097561,5.219512195,0.535,0.539,11.9,8.8,18.3,0.6,3.8,0.61,2.44,5.8,1.414634146,24.82232334,18.86496574,0.535
JaVale McGee,Den,C,24,20,20.3,40.6,21.3,0.098,51,0.373,152,7.6,0.612,4.6512,0,0,0,0,7.6,4.6512,0.612,0.588,10.3,5.8,16.5,0.3,2.6,0.5,1.55,5.2,0.95115,26.67673495,20.27431856,0.612
Jeff Foster,Ind,C,34,11,12.6,24.8,9.5,0.242,9,0.667,17,1.545454545,0.471,0.727909091,1,0.090909091,1,0.090909091,1.636363636,0.818818182,0.500388889,0.569,2.3,3.8,17.1,0.4,4.3,0.73,0.09,4.8,0.545727273,14.97632072,11.38200374,0.528166667
Jeff Teague,Atl,PG,23,66,32.9,67.1,19.2,0.151,185,0.757,522,7.909090909,0.515,4.073181818,149,2.257575758,0.342,0.772090909,10.16666667,4.845272727,0.476584203,0.552,12.6,2.4,4.3,4.9,24.6,1.61,0.56,6.4,2.121893939,20.90771104,15.88986039,0.514555887
Jeremy Lin,Nyk,PG,23,35,26.6,54.9,28.3,0.214,183,0.798,308,8.8,0.477,4.1976,75,2.142857143,0.32,0.685714286,10.94285714,4.883314286,0.446255875,0.552,14.6,3.1,6.6,6.1,41.3,1.57,0.26,9.8,4.1724,31.44808409,23.90054391,0.477587468
Jeremy Tyler,Gol,PF,20,42,13.3,27.6,22,0.134,52,0.558,208,4.952380952,0.423,2.094857143,1,0.023809524,0,0,4.976190476,2.094857143,0.420976077,0.442,4.9,3.3,14.2,0.4,4.6,0.38,0.48,5.6,0.690857143,15.60352541,11.85867931,0.420976077
Jermaine O’Neal,Bos,C,33,25,22.6,46.3,13.2,0.136,31,0.677,120,4.8,0.433,2.0784,0,0,0,0,4.8,2.0784,0.433,0.468,5,5.4,14.1,0.4,2.8,0.32,1.68,3.9,0.83948,13.82683233,10.50839257,0.433
Jerryd Bayless,Tor,PG,23,31,22.5,46.1,24.8,0.144,88,0.852,172,5.548387097,0.424,2.352516129,104,3.35483871,0.423,1.419096774,8.903225806,3.771612903,0.423623188,0.561,11.4,2.1,5.5,3.8,31.2,0.77,0.13,8,2.418580645,24.43023293,18.56697703,0.503318841
Jimmer Fredette,Sac,SG,22,61,18.4,38.2,20.6,0.125,48,0.833,230,3.770491803,0.409,1.542131148,216,3.540983607,0.361,1.278295082,7.31147541,2.82042623,0.385753363,0.495,7.6,1.2,3.6,1.8,15.5,0.48,0.05,5.5,0.65547541,14.1805116,10.77718882,0.473170404
Joakim Noah,Chi,C,26,64,30.2,62.5,15.8,0.137,206,0.748,488,7.625,0.51,3.88875,1,0.015625,0,0,7.640625,3.88875,0.508957055,0.562,10.2,9.8,18.1,2.5,12.8,0.64,1.44,8.3,2.407625,23.55759367,17.90377119,0.508957055
Jodie Meeks,Phi,SG,24,66,24.7,51.2,15.4,0.054,85,0.906,201,3.045454545,0.468,1.425272727,266,4.03030303,0.365,1.471060606,7.075757576,2.896333333,0.409331906,0.551,8.4,2.4,5.5,0.8,5,0.61,0.05,4.1,1.166818182,13.03687259,9.90802317,0.513282655
Joe Johnson,Atl,SG,30,58,35.2,71.7,24.9,0.1,175,0.851,587,10.12068966,0.491,4.969258621,309,5.327586207,0.382,2.035137931,15.44827586,7.004396552,0.453409598,0.554,18.6,3.6,6,3.9,19.8,0.78,0.17,7.3,2.567672414,22.11421556,16.80680383,0.519279018
Joel Anthony,Mia,C,29,64,20.9,42.9,7.9,0.197,71,0.69,152,2.375,0.559,1.327625,0,0,0,0,2.375,1.327625,0.559,0.598,3.4,3.9,11.2,0.1,1,0.56,1.31,2.1,0.76546875,12.48475569,9.488414327,0.559
Joel Przybilla,Por,C,31,27,16.4,33.6,8,0.282,18,0.611,48,1.777777778,0.458,0.814222222,0,0,0,0,1.777777778,0.814222222,0.458,0.492,2,5.1,18.1,0.2,1.9,0.15,0.59,3.1,0.407333333,10.86666035,8.258661867,0.458
Johan Petro,Njn,C,25,59,15.5,32.1,15.8,0.121,37,0.838,259,4.389830508,0.417,1.830559322,1,0.016949153,1,0.016949153,4.406779661,1.847508475,0.419242308,0.452,4.2,3.8,14.3,0.8,8.3,0.36,0.39,6,0.525525424,13.54397787,10.29342318,0.421165385
John Lucas,Chi,PG,29,49,14.6,30.2,26.4,0.101,32,0.875,218,4.448979592,0.404,1.797387755,141,2.87755102,0.39,1.122244898,7.326530612,2.919632653,0.398501393,0.495,7.5,1.6,5.9,2.2,26,0.39,0.02,8.2,0.571428571,18.9450506,14.39823846,0.475089137
John Salmons,Sac,SF,32,46,27,55.8,14.3,0.11,45,0.644,233,5.065217391,0.464,2.35026087,112,2.434782609,0.295,0.71826087,7.5,3.068521739,0.409136232,0.471,7.5,2.9,5.9,2,11.2,0.83,0.15,5.2,0.63,11.90633887,9.048817544,0.45702029
John Wall,Was,PG,21,66,36,74.9,25,0.192,402,0.789,852,12.90909091,0.44,5.68,42,0.636363636,0.071,0.045181818,13.54545455,5.725181818,0.42266443,0.502,16.3,4.5,7.1,8,37.1,1.42,0.86,9.3,4.805727273,26.692055,20.2859618,0.424332215
Jon Leuer,Mil,PF,22,46,11.9,24.6,17.9,0.081,28,0.75,182,3.956521739,0.516,2.041565217,9,0.195652174,0.333,0.065152174,4.152173913,2.106717391,0.507376963,0.536,4.7,2.6,12.1,0.5,7.5,0.3,0.37,6.1,0.456521739,17.5541286,13.34113773,0.515222513
Jonas Jerebko,Det,PF,24,64,22.8,47.1,18.2,0.115,124,0.806,347,5.421875,0.519,2.813953125,106,1.65625,0.302,0.5001875,7.078125,3.314140625,0.468222958,0.548,8.7,4.8,12.6,0.7,5.2,0.64,0.33,5.4,1.561625,18.12763759,13.77700457,0.503556291
Jonny Flynn,Hou,PG,22,11,12.1,23.2,19.2,0.16,14,0.786,32,2.909090909,0.313,0.910545455,9,0.818181818,0.222,0.181636364,3.727272727,1.092181818,0.29302439,0.392,3.4,0.7,3.5,2.5,30.8,0.27,0.09,6,1.000363636,12.76619149,9.702305529,0.317390244
Jonny Flynn,Por,PG,22,18,15.4,31.2,21.1,0.211,25,0.72,65,3.611111111,0.4,1.444444444,25,1.388888889,0.32,0.444444444,5,1.888888889,0.377777778,0.465,5.2,1.7,6.5,3.8,38.9,0.17,0.06,8.4,1,18.12768416,13.77703996,0.422222222
Jordan Crawford,Was,SG,23,64,27.2,56.5,28.3,0.128,203,0.793,598,9.34375,0.452,4.223375,273,4.265625,0.289,1.232765625,13.609375,5.456140625,0.400910448,0.488,14.7,2.6,5.5,3,19.4,0.92,0.08,7.1,2.515296875,20.65914935,15.70095351,0.446201493
Jordan Farmar,Njn,PG,25,39,21.1,43.8,22.8,0.166,63,0.905,190,4.871794872,0.484,2.357948718,125,3.205128205,0.44,1.41025641,8.076923077,3.768205128,0.466539683,0.592,10.4,1.6,4.3,3.3,29.4,0.62,0.05,7.2,1.461923077,22.67507283,17.23305535,0.55384127
Jordan Hill,Hou,SF,24,32,14.5,29.3,17.3,0.136,39,0.641,132,4.125,0.515,2.124375,3,0.09375,0,0,4.21875,2.124375,0.503555556,0.529,5,4.8,19.4,0.4,4.8,0.28,0.66,5.9,0.78121875,19.47629331,14.80198292,0.503555556
Jordan Williams,Njn,PF,21,43,14.6,30.2,14.9,0.113,66,0.652,152,3.534883721,0.507,1.792186047,0,0,0,0,3.534883721,1.792186047,0.507,0.544,4.6,3.6,14.5,0.3,3,0.49,0.35,4.7,1.000744186,17.14750554,13.03210421,0.507
Jose Barea,Min,PG,27,41,25,51.5,24.5,0.183,98,0.776,275,6.707317073,0.415,2.783536585,143,3.487804878,0.371,1.29397561,10.19512195,4.077512195,0.399947368,0.502,11.3,2.8,6.2,5.7,39.4,0.51,0,9,1.854829268,22.24762035,16.90819147,0.463407895
Jose Calderon,Tor,PG,30,53,33.7,69.6,16.1,0.17,68,0.882,318,6,0.5,3,159,3,0.371,1.113,9,4.113,0.457,0.547,10.5,3,5.2,8.8,44.6,0.89,0.06,7.7,1.131622642,20.33925056,15.45783043,0.518833333
Josh Childress,Pho,SG,28,34,14.3,29.7,10.2,0.083,2,0,75,2.205882353,0.587,1.294852941,24,0.705882353,0.167,0.117882353,2.911764706,1.412735294,0.485181818,0.501,2.9,2.8,11.1,1,10.2,0.41,0.18,5.6,0,11.43882487,8.693506899,0.505424242
Josh Harrellson,Nyk,PF,22,37,14.4,29.7,15.1,0.111,26,0.615,90,2.432432432,0.478,1.162702703,58,1.567567568,0.345,0.540810811,4,1.703513514,0.425878378,0.508,4.4,3.9,15.6,0.3,3.3,0.62,0.54,4.8,0.432162162,16.18263862,12.29880535,0.49347973
Josh Howard,Uta,SF,31,42,22.4,45.3,21,0.12,93,0.785,310,7.380952381,0.423,3.122142857,36,0.857142857,0.25,0.214285714,8.238095238,3.336428571,0.405,0.468,8.6,3.5,9.1,1.1,8.1,0.71,0.21,5.7,1.738214286,15.6801097,11.91688338,0.41800578
Josh McRoberts,Lal,PF,24,50,14.2,29,10.7,0.188,36,0.639,111,2.22,0.477,1.05894,7,0.14,0.429,0.06006,2.36,1.119,0.474152542,0.516,2.8,3.4,13.5,1,10.6,0.3,0.36,6,0.46008,13.40218124,10.18565774,0.486877119
Josh Smith,Atl,PF,26,65,35,71.5,28.4,0.118,314,0.627,969,14.90769231,0.478,7.125876923,106,1.630769231,0.264,0.430523077,16.53846154,7.5564,0.456898605,0.497,18.6,9.5,16,3.9,20.7,1.42,1.75,10.1,3.028892308,28.00077207,21.28058677,0.469914419
Jrue Holiday,Phi,PG,21,65,33.6,69.6,22,0.131,120,0.783,663,10.2,0.445,4.539,171,2.630769231,0.38,0.999692308,12.83076923,5.538692308,0.431672662,0.496,13.5,3.3,5.4,4.5,21.8,1.58,0.28,7,1.445538462,18.79611112,14.28504445,0.470629496
Kawhi Leonard,San,SF,20,64,23.8,49.2,14.6,0.09,88,0.773,295,4.609375,0.536,2.470625,109,1.703125,0.376,0.640375,6.3125,3.111,0.492831683,0.573,7.9,5.1,12.3,1.1,6.7,1.33,0.36,5.9,1.062875,18.96908444,14.41650417,0.543554455
Kemba Walker,Cha,PG,21,66,27,56,25.4,0.121,213,0.789,541,8.196969697,0.392,3.213212121,226,3.424242424,0.305,1.044393939,11.62121212,4.257606061,0.366365059,0.464,12.1,3.5,7.5,4.4,30.6,0.91,0.32,8.5,2.546318182,20.74199603,15.76391698,0.41129987
Kendrick Perkins,Okc,C,27,65,26.6,55,11.2,0.275,112,0.652,262,4.030769231,0.489,1.971046154,0,0,0,0,4.030769231,1.971046154,0.489,0.528,5.1,6.6,14,1.2,6.5,0.38,1.12,5.2,1.123446154,14.44889946,10.98116359,0.489
Kenneth Faried,Den,SF,22,46,22.4,45.7,18.9,0.124,164,0.665,309,6.717391304,0.586,3.936391304,0,0,0,0,6.717391304,3.936391304,0.586,0.618,10.2,7.7,20,0.8,5.6,0.74,1.02,7.1,2.370869565,28.27670197,21.4902935,0.586
Kenny Thomas,Por,PF,34,53,15,30.9,11.4,0.158,20,0.7,157,2.962264151,0.465,1.37745283,0,0,0,0,2.962264151,1.37745283,0.465,0.483,3,3.5,13.8,0.9,8.8,0.45,0.58,5.6,0.264150943,13.23500012,10.05860009,0.465
Kenyon Martin,Lac,PF,34,41,22.2,45.7,13.7,0.119,52,0.385,203,4.951219512,0.453,2.242902439,12,0.292682927,0.167,0.048878049,5.243902439,2.291780488,0.437037209,0.441,5.1,4.3,11.5,0.4,2.8,1.05,1.02,3.7,0.488292683,13.03696834,9.908095942,0.441697674
Kevin Durant,Okc,SF,23,66,38.4,79.2,31.5,0.14,501,0.86,953,14.43939394,0.535,7.725075758,344,5.212121212,0.387,2.017090909,19.65151515,9.742166667,0.495746338,0.61,28,8,11.9,3.5,17.7,1.33,1.17,9.6,6.528181818,35.67362911,27.11195812,0.547067849
Kevin Garnett,Bos,PF,35,60,30.9,63.9,25.1,0.111,189,0.857,768,12.8,0.505,6.464,9,0.15,0.333,0.04995,12.95,6.51395,0.503007722,0.55,15.8,8.2,15.7,2.9,18.1,0.95,1.02,9.3,2.69955,26.93513162,20.47070003,0.504936293
Kevin Love,Min,PF,23,55,38.8,80.3,28.9,0.092,460,0.824,777,14.12727273,0.475,6.710454545,282,5.127272727,0.372,1.907345455,19.25454545,8.6178,0.447572238,0.568,26,13.4,19.1,2,10.1,0.85,0.51,9.1,6.891636364,32.99173213,25.07371642,0.497101983
Kevin Martin,Hou,SG,28,41,31.1,63.4,24.6,0.101,181,0.884,316,7.707317073,0.462,3.560780488,226,5.512195122,0.35,1.929268293,13.2195122,5.49004878,0.415298893,0.554,16.8,2.7,5,2.7,14.5,0.71,0.1,6.4,3.902536585,22.19503162,16.86822403,0.488269372
Kevin Seraphin,Was,PF,22,57,20.4,42.5,18.4,0.138,70,0.671,380,6.666666667,0.532,3.546666667,1,0.01754386,0,0,6.684210526,3.546666667,0.530603675,0.548,7.9,4.9,13.6,0.6,4.8,0.33,1.33,5.6,0.824035088,19.83393273,15.07378887,0.530603675
Keyon Dooling,Bos,SG,31,46,14.1,29.2,15.5,0.161,31,0.742,82,1.782608696,0.476,0.848521739,81,1.760869565,0.333,0.586369565,3.543478261,1.434891304,0.40493865,0.515,4,0.8,3.5,1.1,12.1,0.28,0.04,4.3,0.500043478,10.22851025,7.773667791,0.487677914
Kirk Hinrich,Atl,PG,31,48,25.6,51.8,14.1,0.158,32,0.781,159,3.3125,0.472,1.5635,136,2.833333333,0.346,0.980333333,6.145833333,2.543833333,0.413911864,0.511,6.6,2.1,4.9,2.8,16.5,0.79,0.23,5.3,0.520666667,12.7443191,9.685682514,0.493667797
Klay Thompson,Gol,SG,21,66,24.1,50.1,24.9,0.12,91,0.868,450,6.818181818,0.46,3.136363636,268,4.060606061,0.414,1.681090909,10.87878788,4.817454545,0.442830084,0.545,12.5,2.4,5.7,2,14.2,0.74,0.3,6.5,1.196787879,20.14128684,15.307378,0.520094707
Kobe Bryant,Lal,SG,33,58,38.3,78.5,35.9,0.117,451,0.845,1049,18.0862069,0.464,8.392,287,4.948275862,0.303,1.499327586,23.03448276,9.891327586,0.429413922,0.527,27.9,5.4,7.9,4.6,23.9,1.19,0.31,9.2,6.570603448,30.55556719,23.22223107,0.461959207
Kosta Koufos,Den,C,23,48,16.3,33.3,14.2,0.129,55,0.6,192,4,0.599,2.396,0,0,0,0,4,2.396,0.599,0.608,5.5,5.4,19.2,0.3,2.9,0.5,0.85,5.1,0.6875,21.33747131,16.2164782,0.599
Kris Humphries,Njn,PF,26,62,34.6,71.9,19.5,0.131,278,0.752,671,10.82258065,0.481,5.20566129,0,0,0,0,10.82258065,5.20566129,0.481,0.539,13.8,11,18.4,1.5,7.5,0.81,1.19,7.1,3.371870968,23.30028021,17.70821296,0.481
Kyle Korver,Chi,SG,30,65,22.4,46.4,15.5,0.107,66,0.833,140,2.153846154,0.429,0.924,272,4.184615385,0.434,1.816123077,6.338461538,2.740123077,0.432300971,0.6,8.1,2.4,6.1,1.8,12,0.55,0.23,5.8,0.845815385,16.39379453,12.45928384,0.575563107
Kyle Lowry,Hou,PG,25,47,31.9,65.2,22.1,0.178,198,0.864,302,6.425531915,0.434,2.788680851,211,4.489361702,0.374,1.679021277,10.91489362,4.467702128,0.409321637,0.558,14.3,4.6,8.3,6.6,32.6,1.55,0.28,9.5,3.639829787,26.74268836,20.32444315,0.486235867
Kyrie Irving,Cle,PG,19,51,30.3,62.5,28.9,0.161,196,0.872,564,11.05882353,0.491,5.429882353,183,3.588235294,0.399,1.431705882,14.64705882,6.861588235,0.468461847,0.566,18.5,3.7,7,5.4,36.9,1.06,0.39,9.5,3.351215686,29.39390359,22.33936672,0.517335341
L.R. Mbah a Moute,Mil,SF,25,43,23.3,48.3,15.2,0.113,103,0.641,257,5.976744186,0.514,3.072046512,4,0.093023256,0.25,0.023255814,6.069767442,3.095302326,0.509954023,0.544,7.7,5.3,12.5,0.7,4.4,0.93,0.51,5.2,1.535418605,18.55768455,14.10384026,0.511869732
Lamar Odom,Dal,PF,32,50,20.3,41.6,20.2,0.115,98,0.592,238,4.76,0.399,1.89924,111,2.22,0.252,0.55944,6.98,2.45868,0.352246418,0.423,6.6,4.2,11.5,1.7,13,0.4,0.36,7.1,1.16032,14.59157798,11.08959926,0.392320917
LaMarcus Aldridge,Por,PF,26,55,36.1,74.4,27.1,0.095,274,0.814,932,16.94545455,0.516,8.743854545,11,0.2,0.182,0.0364,17.14545455,8.780254545,0.512103924,0.56,21.7,8,13,2.4,13.3,0.93,0.82,8.3,4.0552,27.94250622,21.23630473,0.513165429
Lance Stephenson,Ind,SG,21,42,10.3,21.1,17.7,0.214,17,0.471,95,2.261904762,0.453,1.024642857,30,0.714285714,0.133,0.095,2.976190476,1.119642857,0.3762,0.4,2.5,1.3,6.9,1.1,17,0.5,0.12,5.9,0.190642857,10.48479852,7.968446878,0.39216
Lance Thomas,Nor,PF,23,42,14.8,30.6,13.5,0.135,62,0.839,126,3,0.46,1.38,1,0.023809524,0,0,3.023809524,1.38,0.456377953,0.544,4,3,12,0.3,3.1,0.24,0.17,4.1,1.23852381,13.546027,10.29498052,0.456377953
Landry Fields,Nyk,SG,23,66,28.5,59,16.1,0.151,137,0.562,392,5.939393939,0.523,3.10630303,121,1.833333333,0.256,0.469333333,7.772727273,3.575636364,0.460023392,0.506,8.8,4.2,8.5,2.6,14.6,1.2,0.26,6.4,1.166575758,16.51812175,12.55377253,0.490214425
Larry Sanders,Mil,PF,22,52,12.1,25.2,17,0.176,38,0.474,182,3.5,0.462,1.617,2,0.038461538,0,0,3.538461538,1.617,0.456978261,0.463,3.6,3.1,14,0.6,8,0.62,1.46,6.2,0.346384615,19.46283971,14.79175818,0.456978261
Lavoy Allen,Phi,PF,22,41,15,31.1,14.7,0.104,14,0.786,167,4.073170732,0.473,1.926609756,0,0,0,0,4.073170732,1.926609756,0.473,0.488,4.1,4.2,15.4,0.8,8.5,0.32,0.44,6.4,0.268390244,14.9324777,11.34868305,0.473
Leandro Barbosa,Tor,SG,29,42,22.3,45.9,28.2,0.121,91,0.835,343,8.166666667,0.461,3.764833333,111,2.642857143,0.36,0.951428571,10.80952381,4.716261905,0.436306167,0.518,12.2,1.9,4.9,1.5,13.5,0.86,0.17,5.9,1.809166667,20.20398802,15.3550309,0.480314978
Leandro Barbosa,Ind,SG,29,22,19.6,39.8,23.5,0.116,33,0.758,124,5.636363636,0.387,2.181272727,59,2.681818182,0.424,1.137090909,8.318181818,3.318363636,0.398928962,0.496,8.9,2.2,6.4,1.5,13.5,0.91,0,6.3,1.137,17.42180919,13.24057498,0.467278688
LeBron James,Mia,SF,27,62,37.3,76.7,32.1,0.133,502,0.771,1020,16.4516129,0.556,9.147096774,149,2.403225806,0.362,0.869967742,18.85483871,10.01706452,0.531272883,0.605,27.1,7.9,12.7,6.2,33.8,1.85,0.81,11.8,6.242612903,39.19520959,29.78835929,0.554343028
Lester Hudson,Cle,PG,27,13,24,48,28.5,0.152,38,0.842,90,6.923076923,0.489,3.385384615,61,4.692307692,0.246,1.154307692,11.61538462,4.539692308,0.390834437,0.492,12.7,3.5,8.4,2.7,21.6,1.08,0.23,8.2,2.461230769,22.60376256,17.17885955,0.440523179
Linas Kleiza,Tor,SF,27,49,21.4,44.1,23.3,0.124,100,0.81,231,4.714285714,0.446,2.102571429,179,3.653061224,0.346,1.263959184,8.367346939,3.366530612,0.402341463,0.521,9.7,4.1,11.1,0.9,7.9,0.47,0.08,6.2,1.653061224,18.10207314,13.75757558,0.477870732
Lou Williams,Phi,PG,25,64,26.1,54.1,27.6,0.072,292,0.812,553,8.640625,0.425,3.672265625,229,3.578125,0.362,1.29528125,12.21875,4.967546875,0.406551151,0.525,14.9,2.4,5.2,3.5,22.6,0.83,0.28,7.7,3.70475,25.00810452,19.00615943,0.459554987
Louis Amundson,Ind,SG,22,60,12.3,25.5,17.6,0.16,82,0.427,206,3.433333333,0.432,1.4832,0,0,0,0,3.433333333,1.4832,0.432,0.44,3.6,3.7,16.9,0.2,3.1,0.45,0.73,4.5,0.583566667,16.2067127,12.31710165,0.432
Luis Scola,Hou,PF,31,66,31.1,64,24.9,0.136,198,0.773,885,13.40909091,0.493,6.610681818,3,0.045454545,0,0,13.45454545,6.610681818,0.491334459,0.526,15.5,6.5,12.1,2.1,12.1,0.53,0.36,7.7,2.319,21.93178623,16.66815754,0.49133446
Luke Babbitt,Por,SF,22,40,13.2,27.2,18.1,0.129,22,0.864,73,1.825,0.384,0.7008,100,2.5,0.43,1.075,4.325,1.7758,0.410589595,0.553,5.1,2.4,10.5,0.4,4.9,0.25,0.1,5.1,0.4752,14.60174681,11.09732758,0.534867052
Luke Harangody,Cle,SF,24,21,10.8,21.9,14.8,0.054,12,0.75,44,2.095238095,0.409,0.856952381,21,1,0.238,0.238,3.095238095,1.094952381,0.353753846,0.427,2.9,2.5,13.3,0.3,4.4,0.29,0.14,4.8,0.428571429,10.34062529,7.858875221,0.3922
Luke Ridnour,Min,PG,30,53,32.8,67.8,17.8,0.136,119,0.891,398,7.509433962,0.485,3.642075472,152,2.867924528,0.322,0.923471698,10.37735849,4.56554717,0.439952727,0.53,12.1,2.7,4.5,4.8,24.2,1.06,0.3,6.6,2.00054717,18.54774717,14.09628785,0.484447273
Luke Walton,Cle,SF,31,21,14,28.5,11.6,0.329,0,0,35,1.666666667,0.314,0.523333333,16,0.761904762,0.438,0.333714286,2.428571429,0.857047619,0.352901961,0.422,2,1.7,6.8,1.4,15.8,0.14,0.05,4.8,0,6.675188558,5.073143304,0.421607843
Luol Deng,Chi,SF,26,54,39.2,81.1,19.8,0.104,165,0.77,540,10,0.43,4.3,214,3.962962963,0.369,1.462333333,13.96296296,5.762333333,0.412687003,0.501,15.3,6.5,9.2,2.9,11.8,1.04,0.67,6.7,2.352777778,17.88522419,13.59277039,0.465051724
Malcolm Lee,Min,SG,21,19,12.6,25.6,15.5,0.204,17,0.824,49,2.578947368,0.429,1.106368421,10,0.526315789,0.2,0.105263158,3.105263158,1.211631579,0.390186441,0.466,3.3,1.4,6,1.6,20.2,0.42,0.21,6.2,0.737263158,13.48839677,10.25118155,0.407135593
Manny Harris,Cle,SG,22,26,17.3,35.4,20.3,0.133,59,0.695,114,4.384615385,0.421,1.845923077,36,1.384615385,0.333,0.461076923,5.769230769,2.307,0.39988,0.492,6.7,2.7,8.8,1.2,12,0.5,0.23,6.4,1.577115385,17.1274722,13.01687887,0.43984
Manu Ginobili,San,SG,34,34,23.1,47.6,22.8,0.163,101,0.871,159,4.676470588,0.616,2.880705882,126,3.705882353,0.413,1.530529412,8.382352941,4.411235294,0.526252632,0.668,12.9,3.4,8.5,4.4,30.6,0.71,0.35,10,2.587382353,31.28474204,23.77640395,0.617547368
Marc Gasol,Mem,C,26,65,36.3,75.1,19.2,0.121,317,0.748,728,11.2,0.489,5.4768,12,0.184615385,0.083,0.015323077,11.38461538,5.492123077,0.482416216,0.541,14.6,8.9,14.3,3.1,14.2,0.95,1.86,8.1,3.647938462,24.27513676,18.44910394,0.483089189
Marcin Gortat,Pho,C,27,66,31.8,66.3,20.9,0.093,251,0.649,767,11.62121212,0.557,6.473015152,2,0.03030303,0,0,11.65151515,6.473015152,0.555551365,0.578,15.4,10,17.7,0.9,4.8,0.73,1.48,6.5,2.468166667,26.29258927,19.98236785,0.555551366
Marco Belinelli,Nor,SG,25,66,29.6,61.2,19.7,0.085,129,0.783,402,6.090909091,0.445,2.710454545,284,4.303030303,0.377,1.622242424,10.39393939,4.33269697,0.416848397,0.525,11.8,2.6,5.2,1.5,9,0.73,0.08,4.8,1.530409091,14.86213518,11.29522274,0.494886298
Marcus Camby,Por,C,37,40,22.1,45.5,11.6,0.209,38,0.474,161,4.025,0.416,1.6744,0,0,0,0,4.025,1.6744,0.416,0.428,3.8,8.9,23.3,1.9,12.5,0.83,1.4,7.2,0.4503,18.7714295,14.26628642,0.416
Marcus Camby,Hou,C,37,19,23.9,47.4,14.8,0.068,26,0.423,121,6.368421053,0.488,3.107789474,5,0.263157895,0.4,0.105263158,6.631578947,3.213052632,0.484507937,0.491,7.1,9.3,22.5,1.7,11,0.89,1.53,8.1,0.578842105,22.14831074,16.83271616,0.492444445
Marcus Thornton,Sac,SG,24,51,34.7,71.9,23.5,0.088,163,0.865,494,9.68627451,0.496,4.804392157,310,6.078431373,0.345,2.097058824,15.76470588,6.90145098,0.437778607,0.544,18.7,3.7,5.8,1.9,9.5,1.37,0.24,5.9,2.764607843,21.2235693,16.12991266,0.504289801
Mario Chalmers,Mia,PG,25,64,28.3,58.2,17.5,0.207,101,0.792,238,3.71875,0.513,1.90771875,260,4.0625,0.388,1.57625,7.78125,3.48396875,0.447738956,0.578,9.8,2.7,5.6,3.5,19.2,1.52,0.17,6.4,1.249875,18.85436828,14.32931989,0.549024096
Markieff Morris,Pho,PF,22,63,19.3,40.1,20.6,0.127,106,0.717,312,4.952380952,0.42,2.08,124,1.968253968,0.347,0.682984127,6.920634921,2.762984127,0.399238532,0.484,7.4,4.4,13,1,8.3,0.65,0.67,6.6,1.206380952,18.24310961,13.8647633,0.448582569
Marquis Daniels,Bos,SG,31,38,12.5,25.8,18.3,0.155,23,0.739,133,3.5,0.391,1.3685,10,0.263157895,0,0,3.763157895,1.3685,0.363657343,0.395,3.2,1.7,8.2,1.2,15.8,0.55,0.24,6,0.447289474,11.21763844,8.525405214,0.363657343
Marreese Speights,Mem,C,24,60,22.2,46,20.7,0.121,109,0.771,485,8.083333333,0.456,3.686,3,0.05,0,0,8.133333333,3.686,0.453196721,0.491,8.8,6.2,16.4,0.8,6,0.35,0.48,6.3,1.40065,18.34903409,13.94526591,0.453196721
MarShon Brooks,Njn,SG,22,56,29.2,60.6,23,0.143,148,0.764,490,8.75,0.463,4.05125,150,2.678571429,0.313,0.838392857,11.42857143,4.889642857,0.42784375,0.502,12.6,3.6,7.1,2.3,14.7,0.93,0.27,6.4,2.019142857,18.1315995,13.78001562,0.464523437
Marvin Williams,Atl,SF,25,58,26.2,53.3,18.4,0.071,150,0.793,333,5.74137931,0.45,2.58362069,154,2.655172414,0.396,1.051448276,8.396551724,3.635068966,0.432924025,0.544,10.4,5.1,11.4,1.3,8,0.84,0.31,6.3,2.050862069,19.09243698,14.51025211,0.495535934
Matt Barnes,Lal,SF,31,63,22.7,46.6,16.5,0.141,128,0.742,249,3.952380952,0.518,2.047333333,138,2.19047619,0.333,0.729428571,6.142857143,2.776761905,0.452031008,0.554,7.8,5.5,13.4,2,13.9,0.56,0.76,7.8,1.507555556,20.4755744,15.56143654,0.511403101
Matt Bonner,San,PF,31,65,20.2,41.8,13,0.038,21,0.762,100,1.538461538,0.49,0.753846154,250,3.846153846,0.42,1.615384615,5.384615385,2.369230769,0.44,0.597,6.6,3.3,9.4,0.9,6.6,0.23,0.32,5.3,0.246184615,14.03392118,10.6657801,0.59
Matt Carroll,Cha,SG,31,53,11.1,22.9,15.6,0.121,38,0.789,114,2.150943396,0.386,0.830264151,43,0.811320755,0.186,0.15090566,2.962264151,0.981169811,0.33122293,0.409,2.7,1.1,5.7,0.7,10.8,0.3,0.13,4.6,0.565698113,8.078766695,6.139862688,0.356694267
Maurice Evans,Was,SF,33,24,14.1,29.3,16.9,0.078,13,0.769,67,2.791666667,0.418,1.166916667,45,1.875,0.378,0.70875,4.666666667,1.875666667,0.401928571,0.497,4.9,1,4,0.4,4.7,0.58,0,3.6,0.416541667,10.68001813,8.116813779,0.477866071
Mehmet Okur,Njn,C,32,17,26.5,54.5,16.8,0.145,5,0.6,67,3.941176471,0.433,1.706529412,72,4.235294118,0.319,1.351058824,8.176470588,3.057588235,0.37394964,0.46,7.6,4.8,10.5,1.8,11.2,0.53,0.29,6.1,0.176470588,12.15084682,9.234643585,0.456568345
Metta World Peace,Lal,SF,32,64,26.7,54.8,15.7,0.118,115,0.617,276,4.3125,0.46,1.98375,189,2.953125,0.296,0.874125,7.265625,2.857875,0.393341935,0.478,7.7,3.4,7.1,2.2,12.6,1.09,0.42,5.8,1.108671875,14.47747506,11.00288104,0.453496774
Michael Beasley,Min,PF,23,47,22.9,47.4,25.5,0.129,95,0.642,396,8.425531915,0.462,3.892595745,101,2.14893617,0.376,0.808,10.57446809,4.700595745,0.444523139,0.502,11.5,4.4,10.6,1,7.8,0.38,0.4,6.5,1.297659574,19.1431547,14.54879757,0.48272837
Michael Redd,Pho,SG,32,51,14.9,31,26.6,0.083,111,0.793,228,4.470588235,0.447,1.998352941,132,2.588235294,0.318,0.823058824,7.058823529,2.821411765,0.3997,0.511,8.2,1.5,5.7,0.6,7.3,0.25,0,5.2,1.725941176,18.00740767,13.68562983,0.458
Mickael Pietrus,Bos,SF,29,42,21.7,44.8,16.7,0.104,31,0.645,88,2.095238095,0.489,1.024571429,182,4.333333333,0.335,1.451666667,6.428571429,2.476238095,0.385192593,0.509,6.9,3.1,8.4,0.6,4.4,0.5,0.24,4.3,0.476071429,11.91441583,9.054956034,0.4981
Mickell Gladness,Gol,C,25,18,12.2,25,13.7,0.061,12,0.5,56,3.111111111,0.429,1.334666667,0,0,0,0,3.111111111,1.334666667,0.429,0.441,3,2.6,12.2,0.2,2,0.17,1.06,3.8,0.333333333,12.30108196,9.348822291,0.429
Mike Bibby,Nyk,PG,33,39,14.1,29.1,12,0.136,8,0.75,39,1,0.205,0.205,85,2.179487179,0.318,0.693076923,3.179487179,0.898076923,0.282459677,0.404,2.6,1.5,6.2,2.1,21.4,0.54,0.08,5.7,0.153846154,9.978440766,7.583614982,0.391451613
Mike Conley,Mem,PG,24,62,34.9,72.2,18.4,0.142,158,0.861,525,8.467741935,0.45,3.810483871,159,2.564516129,0.377,0.966822581,11.03225806,4.777306452,0.433030702,0.523,12.7,2.5,4.2,6.5,29.9,2.18,0.18,6.8,2.19416129,21.03893251,15.98958871,0.476848684
Mike Dunleavy,Mil,SF,31,55,26.1,54.2,19.2,0.093,143,0.811,296,5.381818182,0.527,2.836218182,208,3.781818182,0.399,1.508945455,9.163636364,4.345163636,0.474174603,0.597,12.3,3.7,7.9,2.1,13.1,0.51,0.15,7,2.1086,21.41501915,16.27541456,0.556507936
Mike James,Chi,PG,36,11,10.8,21.6,25.6,0.21,8,0.875,39,3.545454545,0.359,1.272818182,10,0.909090909,0.6,0.545454545,4.454545455,1.818272727,0.408183673,0.505,4.8,0.9,4.7,2.6,40.4,0.36,0.18,8.3,0.636363636,21.16777195,16.08750668,0.469408163
Mike Miller,Mia,SG,31,39,19.1,38.9,15,0.124,5,0.4,92,2.358974359,0.413,0.97425641,117,3,0.453,1.359,5.358974359,2.33325641,0.435392344,0.561,6.1,3.3,10.2,1.1,8.8,0.38,0.15,5.9,0.051282051,13.73918271,10.44177886,0.562188995
Mo Williams,Lac,PG,29,51,28.1,57.9,22.9,0.117,76,0.895,359,7.039215686,0.448,3.153568627,234,4.588235294,0.385,1.766470588,11.62745098,4.920039216,0.423139966,0.527,12.9,1.9,4,3.1,18.6,0.96,0.12,6,1.33372549,18.29057035,13.90083347,0.49910118
Monta Ellis,Gol,SG,26,37,36.7,75.8,30.9,0.135,186,0.812,548,14.81081081,0.465,6.887027027,156,4.216216216,0.321,1.353405405,19.02702703,8.240432432,0.433090909,0.516,21.9,3.4,5.3,6,29.5,1.51,0.32,8.3,4.081945946,26.44637246,20.09924307,0.46865625
Monta Ellis,Mil,SG,26,21,35.8,74.1,25.2,0.126,89,0.764,291,13.85714286,0.457,6.332714286,45,2.142857143,0.267,0.572142857,16,6.904857143,0.431553571,0.493,17.6,3.5,5.4,5.9,27.5,1.38,0.29,8,3.237904762,22.80829845,17.33430682,0.449433036
Martell Webster,Min,SF,25,47,24,49.6,13.8,0.132,72,0.792,163,3.468085106,0.479,1.661212766,109,2.319148936,0.339,0.786191489,5.787234043,2.447404255,0.422897059,0.533,6.9,3.6,8.2,0.9,5.6,0.66,0.36,4.7,1.213276596,13.72217962,10.42885651,0.490821691
Nate Robinson,Gol,PG,27,51,23.2,48,23.8,0.123,113,0.832,303,5.941176471,0.459,2.727,181,3.549019608,0.365,1.295392157,9.490196078,4.022392157,0.423847107,0.534,11.2,2,4.8,4.5,32.1,1.16,0.02,8,1.84345098,23.81510582,18.09948042,0.492096074
Nazr Mohammed,Okc,C,34,63,10.8,22.3,13.7,0.126,23,0.565,168,2.666666667,0.47,1.253333333,2,0.031746032,0,0,2.698412698,1.253333333,0.464470588,0.475,2.7,2.7,14.3,0.2,3.2,0.32,0.59,4.2,0.206269841,12.96571229,9.853941338,0.464470588
Nene Hilario,Den,C,29,28,29.3,59.3,22.6,0.185,133,0.677,279,9.964285714,0.513,5.111678571,2,0.071428571,0,0,10.03571429,5.111678571,0.509348754,0.554,13.4,7.4,14.8,2.2,11.8,1.29,0.89,8.2,3.21575,26.35833127,20.03233177,0.509348754
Nene Hilario,Was,C,29,11,25.6,52.8,23.3,0.13,35,0.657,110,10,0.618,6.18,2,0.181818182,0,0,10.18181818,6.18,0.606964286,0.624,14.5,7.5,16.7,1.7,13,0.55,1.18,8.9,2.090454545,30.5839745,23.24382062,0.606964286
Nick Collison,Okc,PF,31,63,20.6,42.4,10.1,0.211,62,0.71,200,3.174603175,0.6,1.904761905,1,0.015873016,0,0,3.19047619,1.904761905,0.597014925,0.622,4.5,4.3,12.1,1.3,9.4,0.52,0.44,5.7,0.698730159,15.25148939,11.59113193,0.597014926
Nick Young,Was,SG,26,40,30.1,62.5,26.3,0.084,130,0.862,393,9.825,0.425,4.175625,197,4.925,0.371,1.827175,14.75,6.0028,0.406969492,0.514,16.6,2.4,4.6,1.2,6.8,0.75,0.28,4.8,2.8015,18.82226901,14.30492445,0.468907627
Nick Young,Lac,SG,26,22,23.4,47.6,21,0.102,39,0.821,108,4.909090909,0.426,2.091272727,85,3.863636364,0.353,1.363863636,8.772727273,3.455136364,0.393849741,0.509,9.7,1.6,4.2,0.5,3.2,0.64,0.27,3.4,1.455409091,13.67811567,10.39536791,0.471582902
Nicolas Batum,Por,SF,23,59,30.1,62.2,20.6,0.112,159,0.836,367,6.220338983,0.496,3.085288136,274,4.644067797,0.391,1.815830508,10.86440678,4.901118644,0.451117005,0.575,13.9,4.6,8.9,1.4,8,0.97,1.02,5.9,2.252949153,21.32341675,16.20579673,0.534684867
Nikola Pekovic,Min,C,26,47,26.7,55.2,22.1,0.141,187,0.743,454,9.659574468,0.564,5.448,0,0,0,0,9.659574468,5.448,0.564,0.607,13.9,7.4,15.3,0.7,4.6,0.62,0.66,6.2,2.956191489,26.77819189,20.35142584,0.564
Nikola Vucevic,Phi,C,21,51,15.7,32.5,19.9,0.097,34,0.529,283,5.549019608,0.452,2.508156863,8,0.156862745,0.375,0.058823529,5.705882353,2.566980392,0.449883162,0.462,5.5,4.8,17,0.6,6.3,0.39,0.67,6.4,0.352666667,17.05700041,12.96332031,0.455037801
Nolan Smith,Por,PG,23,44,12.1,24.9,20.1,0.179,28,0.714,135,3.068181818,0.4,1.227272727,45,1.022727273,0.289,0.295568182,4.090909091,1.522840909,0.37225,0.434,3.8,1.3,6.1,1.4,18.6,0.41,0.07,6.3,0.454363636,12.08675884,9.185936719,0.408375
Norris Cole,Mia,PG,23,65,19.2,39.5,22,0.177,85,0.776,374,5.753846154,0.417,2.399353846,76,1.169230769,0.276,0.322707692,6.923076923,2.722061538,0.393186667,0.452,6.8,1.4,4.4,2,17.2,0.68,0.03,5.6,1.014769231,13.50843451,10.26641022,0.416493333
O.J. Mayo,Mem,SG,24,66,26.6,55.1,24.1,0.133,172,0.773,461,6.984848485,0.434,3.031424242,275,4.166666667,0.364,1.516666667,11.15151515,4.548090909,0.407845109,0.513,12.6,3.2,7,2.6,16.3,1.09,0.35,7.1,2.014484848,20.51644688,15.59249963,0.475847826
Omer Asik,Chi,C,25,66,14.5,30.1,12.8,0.252,103,0.456,156,2.363636364,0.506,1.196,0,0,0,0,2.363636364,1.196,0.506,0.509,3.1,5.3,20.4,0.5,4.8,0.47,1.03,5.6,0.711636364,18.84918291,14.32537901,0.506
Omri Casspi,Cle,SF,23,65,20.4,42.2,17.7,0.122,108,0.685,244,3.753846154,0.463,1.738030769,168,2.584615385,0.315,0.814153846,6.338461538,2.552184615,0.402650485,0.499,7.1,3.5,9.8,1,8.5,0.57,0.32,5.7,1.138153846,15.30903332,11.63486532,0.466873786
Patrick Mills,San,PG,23,16,16.1,32.6,28.9,0.16,15,1,74,4.625,0.527,2.437375,56,3.5,0.429,1.5015,8.125,3.938875,0.484784615,0.604,10.3,1.8,6.2,2.4,26.4,0.63,0.06,8.8,0.9375,27.49521704,20.89636495,0.577184615
Patrick Patterson,Hou,PF,22,64,23,47.1,18.1,0.084,57,0.702,508,7.9375,0.443,3.5163125,3,0.046875,0,0,7.984375,3.5163125,0.440399217,0.457,7.7,4.5,11.3,0.8,5.8,0.42,0.56,5.3,0.62521875,13.45297836,10.22426355,0.440399217
Pau Gasol,Lal,PF,31,65,37.2,76.4,22.2,0.121,261,0.782,889,13.67692308,0.508,6.947876923,28,0.430769231,0.25,0.107692308,14.10769231,7.055569231,0.500122137,0.547,17.4,10.4,15.7,3.7,17.5,0.57,1.35,9.4,3.140030769,25.69599073,19.52895296,0.503938931
Paul George,Ind,SF,21,66,29.5,60.9,19.5,0.14,182,0.802,405,6.136363636,0.472,2.896363636,234,3.545454545,0.385,1.365,9.681818182,4.261363636,0.440140845,0.555,12.1,5.6,10.7,2.4,13.6,1.64,0.58,7.4,2.211575758,22.31601455,16.96017106,0.510633803
Paul Millsap,Uta,PF,26,64,32.6,66.6,23.3,0.103,255,0.792,830,12.96875,0.505,6.54921875,31,0.484375,0.226,0.10946875,13.453125,6.6586875,0.494954704,0.545,16.6,8.8,15.5,2.3,12.5,1.84,0.83,8.5,3.155625,27.50139144,20.9010575,0.499023229
Paul Pierce,Bos,SF,34,61,33.8,70,28.2,0.142,344,0.852,617,10.1147541,0.476,4.814622951,273,4.475409836,0.366,1.638,14.59016393,6.452622951,0.442258427,0.567,19.4,5.2,9.1,4.5,24.4,1.15,0.43,9.1,4.804721311,28.30528115,21.51201367,0.498392135
Quentin Richardson,Orl,SF,31,48,17.9,36.8,13.1,0.121,30,0.833,76,1.583333333,0.421,0.666583333,121,2.520833333,0.347,0.874729167,4.104166667,1.5413125,0.375548223,0.511,4.5,2.6,8.3,0.8,7.1,0.58,0.13,4.7,0.520625,11.27483324,8.568873262,0.482114213
Quincy Pondexter,Mem,SF,23,64,15.4,32,13.4,0.103,53,0.623,166,2.59375,0.518,1.3435625,73,1.140625,0.301,0.343328125,3.734375,1.686890625,0.451719665,0.517,4.2,2,7.4,0.4,4.2,0.42,0.08,3.9,0.515921875,10.91816583,8.29780603,0.497688285
Raja Bell,Uta,SG,35,34,23.2,46.5,11.7,0.102,25,0.84,87,2.558823529,0.54,1.381764706,87,2.558823529,0.391,1.0005,5.117647059,2.382264706,0.4655,0.586,6.4,1.4,3.6,1.1,7.1,0.38,0.06,3.7,0.617647059,10.75687895,8.175228003,0.56325
Rajon Rondo,Bos,PG,25,53,36.7,75.9,20.8,0.228,181,0.597,530,10,0.464,4.64,42,0.79245283,0.238,0.188603774,10.79245283,4.828603774,0.447405594,0.483,11.9,4.8,7.8,11.7,52.8,1.79,0.06,9.5,2.038811321,24.66452724,18.7450407,0.456143357
Ramon Sessions,Cle,PG,25,41,24.3,50,22.6,0.164,147,0.83,292,7.12195122,0.394,2.80604878,62,1.512195122,0.419,0.633609756,8.634146341,3.439658537,0.398378531,0.514,10.5,3.1,7.2,5.2,37.5,0.66,0.02,9.1,2.975853659,23.6835729,17.9995154,0.435070622
Ramon Sessions,Lal,PG,25,23,30.2,60.5,20.7,0.188,101,0.713,176,7.652173913,0.477,3.650086957,35,1.52173913,0.486,0.739565217,9.173913043,4.389652174,0.478492891,0.57,12.7,3.8,7,6.2,33.4,0.74,0.09,8.9,3.131,24.69168569,18.76568113,0.518800948
Randy Foye,Lac,PG,28,65,25.7,53.1,20.8,0.097,85,0.859,315,4.846153846,0.41,1.986923077,329,5.061538462,0.386,1.953753846,9.907692308,3.940676923,0.39773913,0.522,11,2.1,4.9,2.2,14.3,0.71,0.37,5.8,1.123307692,16.50515264,12.54391601,0.496336956
Rashard Lewis,Was,SF,32,28,25.8,53.6,16.7,0.119,37,0.838,153,5.464285714,0.451,2.464392857,68,2.428571429,0.235,0.570714286,7.892857143,3.035107143,0.384538462,0.457,7.8,3.9,8.6,1,5.8,0.82,0.36,4.8,1.107357143,12.44861346,9.460946229,0.420692308
Rasual Butler,Tor,SF,32,34,13.2,27,16.1,0.098,12,0.583,56,1.647058824,0.357,0.588,77,2.264705882,0.273,0.618264706,3.911764706,1.206264706,0.308368421,0.398,3.2,1.9,8.6,0.6,6.9,0.21,0.15,4.7,0.205764706,6.93616802,5.271487695,0.387394737
Ray Allen,Bos,SG,36,46,33.8,69.8,18.8,0.112,106,0.915,259,5.630434783,0.463,2.606891304,234,5.086956522,0.453,2.304391304,10.7173913,4.911282609,0.45825355,0.607,14.2,3.1,5.4,2.4,11.9,1.07,0.17,5.6,2.108478261,18.8715828,14.34240293,0.565760649
Raymond Felton,Por,PG,27,60,31.6,65.2,20.9,0.195,124,0.806,439,7.316666667,0.453,3.31445,203,3.383333333,0.305,1.031916667,10.7,4.346366667,0.406202492,0.491,11.4,2.5,4.6,6.5,33.5,1.3,0.17,7.2,1.665733333,19.4338529,14.76972821,0.454422897
Reggie Evans,Lac,PF,31,56,13.6,28,8.9,0.299,71,0.507,72,1.285714286,0.472,0.606857143,0,0,0,0,1.285714286,0.606857143,0.472,0.504,1.9,4.8,21.2,0.3,3.1,0.55,0.11,4.1,0.642803571,13.74869515,10.44900831,0.472
Reggie Jackson,Okc,SG,21,45,11,22.5,19,0.173,29,0.862,97,2.155555556,0.392,0.844977778,62,1.377777778,0.21,0.289333333,3.533333333,1.134311111,0.321031447,0.408,3.1,1.2,6.1,1.6,21.6,0.56,0.02,6.6,0.555511111,12.43845707,9.453227373,0.361974843
Reggie Williams,Cha,SF,25,33,22.4,46.4,19.1,0.108,40,0.725,149,4.515151515,0.49,2.212424242,107,3.242424242,0.308,0.998666667,7.757575758,3.211090909,0.413929688,0.501,8.3,2.8,7.2,1.8,14.8,0.61,0.09,6.2,0.878787879,15.04753841,11.43612919,0.478296875
Richard Hamilton,Chi,SG,33,28,24.7,50.7,24.7,0.131,37,0.784,264,9.428571429,0.466,4.393714286,46,1.642857143,0.37,0.607857143,11.07142857,5.001571429,0.451754839,0.5,11.6,2.4,5.3,3,21.3,0.43,0.04,7.1,1.036,17.91682141,13.61678427,0.479206452
Richard Jefferson,San,SF,31,41,28.3,58.3,14.7,0.086,50,0.7,129,3.146341463,0.403,1.26797561,190,4.634146341,0.421,1.95097561,7.780487805,3.21895122,0.413721003,0.556,9.2,3.5,7.1,1.3,6.7,0.61,0.29,4.9,0.853658537,13.79993478,10.48795044,0.539097179
Richard Jefferson,Gol,SF,31,22,26.2,53.8,16.2,0.089,35,0.686,90,4.090909091,0.422,1.726363636,79,3.590909091,0.418,1.501,7.681818182,3.227363636,0.420130178,0.54,9,3.5,7.5,1.5,8.7,0.55,0.27,5.5,1.091363636,14.91786522,11.33757757,0.517828402
Ricky Rubio,Min,PG,21,41,34,70.2,18.8,0.222,157,0.803,295,7.195121951,0.363,2.611829268,94,2.292682927,0.34,0.779512195,9.487804878,3.391341463,0.357442159,0.476,10.6,4.2,6.8,8.2,37.7,2.22,0.2,8.4,3.074902439,22.63883005,17.20551084,0.398521851
Robin Lopez,Pho,C,23,64,13.8,28.7,19.2,0.115,140,0.714,269,4.203125,0.461,1.937640625,0,0,0,0,4.203125,1.937640625,0.461,0.526,5.4,3.3,13.4,0.3,3.5,0.28,0.94,5.1,1.561875,20.61619668,15.66830947,0.461
Rodney Stuckey,Det,PG,25,55,29.7,61.3,23.9,0.126,320,0.834,493,8.963636364,0.452,4.051563636,104,1.890909091,0.317,0.599418182,10.85454545,4.650981818,0.428482412,0.55,14.8,2.6,5.2,3.8,22.9,0.8,0.18,7.1,4.852363636,24.08638572,18.30565314,0.456093803
Rodrigue Beaubois,Dal,PG,24,53,21.5,44.1,22.2,0.128,69,0.841,313,5.905660377,0.479,2.828811321,132,2.490566038,0.288,0.717283019,8.396226415,3.54609434,0.42234382,0.496,8.9,2.8,7.4,2.9,22.9,1.06,0.53,7.7,1.094886792,20.1726828,15.33123893,0.465058427
Roger Mason Jr.,Was,SG,31,52,13.2,27.4,19.7,0.106,27,0.778,104,2,0.423,0.846,154,2.961538462,0.383,1.134269231,4.961538462,1.980269231,0.399124031,0.53,5.5,1.3,5.7,0.9,11.2,0.25,0.1,5.6,0.403961538,13.97889663,10.62396144,0.513430233
Ronnie Brewer,Chi,SG,26,66,24.6,50.9,15.4,0.108,100,0.56,376,5.696969697,0.455,2.592121212,69,1.045454545,0.275,0.2875,6.742424242,2.879621212,0.427089888,0.465,6.9,3.5,7.9,2.1,12.9,1.08,0.32,6,0.848484848,14.498141,11.01858716,0.448410112
Ronnie Price,Pho,PG,28,36,14.2,29.5,16.6,0.246,25,0.8,86,2.388888889,0.419,1.000944444,44,1.222222222,0.295,0.360555556,3.611111111,1.3615,0.377030769,0.465,3.6,1.6,6.2,1.9,19,0.94,0.08,6.3,0.555555556,14.64647043,11.13131753,0.426953846
Ronny Turiaf,Mia,C,29,13,16.8,32.8,10.1,0.168,22,0.591,29,2.230769231,0.552,1.231384615,1,0.076923077,0,0,2.307692308,1.231384615,0.5336,0.567,3.5,4.5,15.9,0.4,3.3,0.62,1.08,4.4,1.000153846,17.09759861,12.99417495,0.5336
Roy Hibbert,Ind,C,25,65,29.6,61.1,21.2,0.142,239,0.711,667,10.26153846,0.498,5.110246154,1,0.015384615,0,0,10.27692308,5.110246154,0.497254491,0.539,12.8,8.8,16.7,1.7,10,0.51,1.98,7.8,2.614292308,24.93890014,18.9535641,0.497254491
Royal Ivey,Okc,PG,30,34,10.2,20.9,11.1,0.105,8,0.125,20,0.588235294,0.4,0.235294118,53,1.558823529,0.34,0.53,2.147058824,0.765294118,0.356438356,0.464,2.1,0.7,3.9,0.3,4.1,0.41,0,3,0.029411765,5.455325221,4.146047168,0.479863014
Rudy Fernandez,Den,SG,26,31,22.7,46.1,18,0.141,43,0.698,103,3.322580645,0.573,1.90383871,122,3.935483871,0.328,1.29083871,7.258064516,3.194677419,0.440155556,0.549,8.6,2.1,5.4,2.4,16.1,1,0.1,6.2,0.968193548,17.71011627,13.45968836,0.52908
Rudy Gay,Mem,SF,25,65,37.1,76.7,25.3,0.12,263,0.791,894,13.75384615,0.482,6.629353846,173,2.661538462,0.312,0.8304,16.41538462,7.459753846,0.454436739,0.521,19,6.4,10.1,2.3,10.9,1.46,0.85,7.1,3.200507692,22.83308071,17.35314134,0.479730084
Russell Westbrook,Okc,PG,23,66,35.1,72.5,32.9,0.142,413,0.823,1070,16.21212121,0.482,7.814242424,195,2.954545455,0.318,0.939545455,19.16666667,8.753787879,0.456719368,0.538,23.6,4.6,7.4,5.5,30.1,1.7,0.3,9.6,5.149984848,31.26480326,23.76125048,0.481229249
Ryan Anderson,Orl,PF,23,61,32,66.1,21.4,0.064,171,0.877,335,5.491803279,0.496,2.723934426,422,6.918032787,0.393,2.718786885,12.40983607,5.442721311,0.438581242,0.589,16.1,7.7,13.9,0.9,5.1,0.82,0.43,6,2.45847541,22.82795057,17.34924243,0.548122853
Ryan Gomes,Lac,PF,29,32,13.1,26.9,12.6,0.131,11,0.727,66,2.0625,0.409,0.8435625,29,0.90625,0.138,0.1250625,2.96875,0.968625,0.326273684,0.371,2.3,1.9,8.7,0.4,4.1,0.5,0,3.7,0.24990625,5.989603577,4.552098719,0.347336842
Ryan Hollins,Cle,PF,27,24,14.9,30.4,13.1,0.23,55,0.6,56,2.333333333,0.5,1.166666667,0,0,0,0,2.333333333,1.166666667,0.5,0.555,3.7,2.3,8.9,0.3,2.7,0.17,0.5,3.7,1.375,13.58065687,10.32129922,0.5
Ryan Hollins,Bos,PF,27,15,10.5,21.3,14.6,0.23,20,0.3,28,1.866666667,0.643,1.200266667,0,0,0,0,1.866666667,1.200266667,0.643,0.571,2.8,1.7,9.7,0.2,3.1,0.07,0.33,3.7,0.4,12.52838546,9.521572947,0.643
Sam Young,Mem,SG,26,21,11.2,22.9,18.7,0.093,12,0.833,74,3.523809524,0.432,1.522285714,9,0.428571429,0,0,3.952380952,1.522285714,0.385156627,0.419,3.5,2,10.2,0.4,6.1,0.52,0.1,5,0.476,11.21040007,8.519904052,0.385156626
Samardo Samuels,Cle,PF,22,54,15.1,31.2,18.7,0.165,117,0.701,231,4.277777778,0.455,1.946388889,0,0,0,0,4.277777778,1.946388889,0.455,0.517,5.4,3.4,12.6,0.4,4.2,0.37,0.37,5.1,1.518833333,17.75082821,13.49062944,0.455
Samuel Dalembert,Hou,C,30,65,22,45.3,16.7,0.156,113,0.796,394,6.061538462,0.508,3.079261538,1,0.015384615,0,0,6.076923077,3.079261538,0.506713924,0.551,7.5,7,18.5,0.5,3.6,0.57,1.71,5.4,1.383815385,21.74288392,16.52459178,0.506713924
Sasha Pavlovic,Bos,SF,28,45,11.5,23.8,14,0.132,8,0.375,70,1.555555556,0.471,0.732666667,58,1.288888889,0.293,0.377644444,2.844444444,1.110311111,0.39034375,0.456,2.7,1.6,8.2,0.4,5.4,0.44,0.33,4.2,0.066666667,9.158133528,6.960181481,0.456726562
Sebastian Telfair,Pho,PG,26,60,14.7,30.7,22.6,0.155,67,0.791,237,3.95,0.456,1.8012,105,1.75,0.314,0.5495,5.7,2.3507,0.412403509,0.495,6.1,1.5,5.9,2.3,24.9,0.68,0.2,7.5,0.883283333,19.30122821,14.66893344,0.460605263
Semih Erden,Cle,C,25,28,11.7,23.9,14.8,0.148,41,0.512,74,2.642857143,0.527,1.392785714,0,0,0,0,2.642857143,1.392785714,0.527,0.538,3.5,2.6,12.5,0.3,4.7,0.36,0.18,4.8,0.749714286,15.6014699,11.85711712,0.527
Serge Ibaka,Okc,PF,22,66,27,55.7,15.8,0.127,118,0.661,487,7.378787879,0.536,3.955030303,3,0.045454545,0.333,0.015136364,7.424242424,3.970166667,0.534757143,0.556,9.1,7.5,16,0.4,2.5,0.5,3.65,4.5,1.181787879,22.36479832,16.99724672,0.535776531
Shane Battier,Mia,SF,33,65,22.9,47.1,10.8,0.107,37,0.622,109,1.676923077,0.468,0.7848,183,2.815384615,0.339,0.954415385,4.492307692,1.739215385,0.38715411,0.504,4.8,2.4,6.3,1.3,8,0.98,0.51,4.3,0.354061538,11.06977704,8.41303055,0.493381849
Shannon Brown,Pho,SG,26,59,23.5,49,23.1,0.091,99,0.808,410,6.949152542,0.446,3.099322034,188,3.186440678,0.362,1.153491525,10.13559322,4.252813559,0.419591973,0.507,11,2.6,6.3,1.2,8.1,0.75,0.25,5.5,1.35579661,17.10554225,13.00021211,0.476494983
Shaun Livingston,Mil,PG,26,58,18.6,38.7,15.2,0.178,79,0.785,268,4.620689655,0.466,2.153241379,3,0.051724138,0.667,0.0345,4.672413793,2.187741379,0.468225092,0.52,5.5,2.1,6.3,2.1,16.8,0.47,0.34,6.2,1.069224138,15.56903071,11.83246334,0.471916974
Shawn Marion,Dal,SF,33,63,30.3,62.2,19.1,0.125,93,0.796,578,9.174603175,0.464,4.257015873,68,1.079365079,0.294,0.317333333,10.25396825,4.574349206,0.446105263,0.488,10.6,7.4,13.7,2.1,11.6,1.08,0.56,7.2,1.175047619,18.20921648,13.83900452,0.461578947
Shawne Williams,Njn,SF,26,25,20.4,42.2,14.8,0.079,11,0.727,60,2.4,0.35,0.84,87,3.48,0.241,0.83868,5.88,1.67868,0.285489796,0.372,4.5,2.7,7.7,0.6,5,0.4,0.44,3.8,0.31988,6.448276348,4.900690024,0.356806122
Shelden Williams,Njn,PF,28,58,21.8,45.2,11.3,0.215,104,0.731,199,3.431034483,0.482,1.653758621,0,0,0,0,3.431034483,1.653758621,0.482,0.547,4.6,6,16.1,0.6,4.4,0.81,0.67,4.7,1.310758621,16.13198202,12.26030634,0.482
Shelvin Mack,Was,SG,21,64,12,24.9,17.2,0.163,59,0.712,178,2.78125,0.427,1.18759375,42,0.65625,0.286,0.1876875,3.4375,1.37528125,0.400081818,0.468,3.6,1.4,6.7,2,26.5,0.44,0.03,7.2,0.656375,15.36242787,11.67544518,0.427381818
Solomon Jones,Nor,C,27,11,17.6,35.3,18,0.176,18,0.833,53,4.818181818,0.434,2.091090909,0,0,0,0,4.818181818,2.091090909,0.434,0.501,5.5,3.7,12.6,0.6,6,0.45,0.55,5.2,1.363090909,15.91714715,12.09703183,0.434
Spencer Hawes,Phi,PF,23,37,24.6,50.9,20.5,0.138,55,0.727,307,8.297297297,0.498,4.132054054,12,0.324324324,0.25,0.081081081,8.621621622,4.213135135,0.488670846,0.517,9.6,7.3,16.4,2.6,17.8,0.43,1.3,9.2,1.080675676,22.81832689,17.34192844,0.493373041
Stephen Curry,Gol,PG,23,26,28,57.6,24.2,0.17,47,0.809,175,6.730769231,0.514,3.459615385,121,4.653846154,0.455,2.1175,11.38461538,5.577115385,0.489881757,0.605,14.7,3.4,6.9,5.3,32.5,1.5,0.31,9.2,1.462423077,27.83022527,21.1509712,0.582880068
Stephen Jackson,Mil,SF,33,26,27.2,56.4,22.7,0.181,60,0.833,164,6.307692308,0.409,2.579846154,108,4.153846154,0.278,1.154769231,10.46153846,3.734615385,0.356985294,0.459,10.5,3.2,6.4,3,16.7,1,0.23,6.8,1.922307692,16.5685548,12.59210165,0.412176471
Malcolm Lee,San,SF,33,21,23.6,48.1,19.7,0.173,54,0.815,91,4.333333333,0.473,2.049666667,62,2.952380952,0.306,0.903428571,7.285714286,2.953095238,0.405326797,0.529,8.9,3.9,9.4,2,11.9,1.33,0.33,7,2.095714286,20.27453243,15.40864465,0.467326797
Steve Blake,Lal,PG,31,53,23.1,47.3,13.2,0.205,27,0.778,110,2.075471698,0.436,0.90490566,158,2.981132075,0.335,0.998679245,5.056603774,1.903584906,0.376455224,0.493,5.2,1.6,3.9,3.3,21.1,0.72,0.04,5.2,0.396339623,11.96917877,9.096575866,0.475205224
Steve Nash,Pho,PG,37,62,31.4,65.5,19.7,0.271,142,0.894,414,6.677419355,0.58,3.872903226,141,2.274193548,0.39,0.886935484,8.951612903,4.75983871,0.53172973,0.625,12.5,3,5.4,10.7,53.5,0.61,0.13,9.4,2.047548387,27.72683278,21.07239291,0.58127027
Steve Novak,Nyk,SF,28,54,18.7,38.7,16.4,0.057,26,0.846,55,1.018518519,0.509,0.518425926,283,5.240740741,0.47,2.463148148,6.259259259,2.981574074,0.476346154,0.683,8.8,1.9,5.9,0.2,2,0.3,0.17,3.2,0.407333333,17.17999933,13.05679949,0.673106509
Sundiata Gaines,Njn,PG,25,57,13.7,28.5,21.3,0.143,96,0.615,188,3.298245614,0.394,1.299508772,82,1.438596491,0.341,0.490561404,4.736842105,1.790070175,0.377903704,0.466,5.1,1.9,8,2.2,27.7,0.96,0.04,8.1,1.035789474,19.8804795,15.10916442,0.429685185
T.J. Ford,San,PG,28,14,13.4,27.2,17.5,0.319,14,0.786,35,2.5,0.486,1.215,8,0.571428571,0.25,0.142857143,3.071428571,1.357857143,0.442093023,0.519,3.6,1.3,5.5,3.2,33.4,0.64,0.14,7.4,0.786,19.20065856,14.5925005,0.465348837
Taj Gibson,Chi,PF,26,63,20.2,41.8,18.8,0.115,135,0.622,404,6.412698413,0.495,3.174285714,0,0,0,0,6.412698413,3.174285714,0.495,0.522,7.7,5.3,14.6,0.7,6,0.43,1.29,6.1,1.332857143,20.70440725,15.73534951,0.495
Tayshaun Prince,Det,SF,31,63,32.9,68,20.5,0.08,115,0.774,693,11,0.431,4.741,104,1.650793651,0.356,0.58768254,12.65079365,5.32868254,0.4212133,0.471,12.7,4.5,8.1,2.4,13.3,0.43,0.52,6.3,1.412857143,14.90049803,11.3243785,0.444440402
Terrel Harris,Mia,SG,24,22,14.3,28.7,17.3,0.213,21,0.667,44,2,0.477,0.954,39,1.772727273,0.205,0.363409091,3.772727273,1.317409091,0.349192771,0.434,3.6,2.3,9.7,1.2,12.3,0.41,0.09,6,0.636681818,11.51318544,8.750020937,0.397355422
Terrence Williams,Hou,SF,24,12,14.9,28.8,18.4,0.138,12,0.5,38,3.166666667,0.316,1.000666667,19,1.583333333,0.421,0.666583333,4.75,1.66725,0.351,0.434,4.5,2.3,9.1,0.8,8.4,0.33,0.08,5.4,0.5,10.59340179,8.050985363,0.421166667
Terrence Williams,Sac,SF,24,18,20.3,41.6,22.4,0.175,34,0.618,114,6.333333333,0.5,3.166666667,27,1.5,0.296,0.444,7.833333333,3.610666667,0.46093617,0.51,8.8,4.1,11.1,3.1,24.9,0.89,0.33,9.5,1.167333333,23.31715804,17.72104011,0.489276596
Thabo Sefolosha,Okc,SG,27,42,21.5,44.2,10.7,0.187,43,0.884,84,2,0.429,0.858,71,1.69047619,0.437,0.738738095,3.69047619,1.596738095,0.432664516,0.584,4.8,3,8.1,1.1,7.3,0.88,0.4,4.7,0.905047619,13.46022789,10.2297732,0.532751613
Thaddeus Young,Phi,PF,23,63,27.7,57.3,21.7,0.068,144,0.771,683,10.84126984,0.508,5.507365079,4,0.063492063,0.25,0.015873016,10.9047619,5.523238095,0.506497817,0.538,12.8,5.2,10.4,1.2,7.4,1.02,0.65,6.2,1.762285714,21.20213666,16.11362386,0.507225619
Tiago Splitter,San,C,26,59,18.8,38.9,21,0.171,181,0.691,343,5.813559322,0.618,3.592779661,0,0,0,0,5.813559322,3.592779661,0.618,0.649,9.3,5.2,15.8,1.1,9.3,0.36,0.8,8,2.119847458,28.44972758,21.62179296,0.618
Tim Duncan,San,PF,35,58,28,57.9,26.4,0.103,249,0.695,729,12.56896552,0.495,6.221637931,4,0.068965517,0,0,12.63793103,6.221637931,0.492298772,0.531,15.4,9,18.4,2.3,13.6,0.66,1.53,9.8,2.983706897,29.45775361,22.38789275,0.492298772
Timofey Mozgov,Den,C,25,44,15.4,31.5,17.7,0.198,57,0.684,190,4.318181818,0.526,2.271363636,0,0,0,0,4.318181818,2.271363636,0.526,0.556,5.4,4.1,15.4,0.5,5,0.34,0.95,5.8,0.886090909,19.88059182,15.10924979,0.526
Tobias Harris,Mil,PF,19,42,11.2,23.3,21,0.139,54,0.815,146,3.476190476,0.5,1.738095238,23,0.547619048,0.261,0.142928571,4.023809524,1.88102381,0.467473373,0.54,5,2.4,11.8,0.5,7.5,0.31,0.17,6.5,1.047857143,19.36891047,14.72037196,0.485233728
Toney Douglas,Nyk,PG,25,38,17.1,35.2,24.7,0.157,26,0.846,173,4.552631579,0.387,1.761868421,117,3.078947368,0.231,0.711236842,7.631578947,2.473105263,0.324062069,0.393,6.2,1.9,6.4,2,19.9,0.76,0.03,6.7,0.578842105,12.15415918,9.237160979,0.370660345
Tony Allen,Mem,SG,29,58,26.1,54,18.5,0.152,175,0.8,421,7.25862069,0.48,3.484137931,26,0.448275862,0.308,0.138068966,7.706896552,3.622206897,0.469995526,0.542,9.8,4,9,1.4,8.4,1.79,0.57,5.8,2.413793103,20.7759712,15.78973811,0.47895302
Tony Battie,Phi,C,35,27,10.7,22.1,9.2,0.07,4,1,50,1.851851852,0.38,0.703703704,1,0.037037037,0,0,1.888888889,0.703703704,0.37254902,0.398,1.6,2.5,12.8,0.6,7.8,0.15,0.22,5,0.148148148,7.983282624,6.067294794,0.37254902
Tony Parker,San,PG,29,60,31.9,65.9,27.9,0.131,284,0.799,829,13.81666667,0.498,6.8807,61,1.016666667,0.23,0.233833333,14.83333333,7.114533333,0.479631461,0.539,18.3,2.9,5.1,7.7,40.7,0.95,0.08,9.3,3.781933333,28.9848005,22.02844838,0.487513483
Tracy McGrady,Atl,SG,32,52,15.9,32.3,18.2,0.165,83,0.675,198,3.807692308,0.434,1.652538462,33,0.634615385,0.455,0.28875,4.442307692,1.941288462,0.437,0.51,5.3,3,10.9,2.1,21.2,0.31,0.29,8.1,1.077403846,18.3173732,13.92120363,0.4695
Travis Outlaw,Sac,SF,27,39,12.7,26.2,18.9,0.093,46,0.674,115,2.948717949,0.383,1.129358974,60,1.538461538,0.267,0.410769231,4.487179487,1.540128205,0.343228571,0.428,4.3,1.6,6.8,0.4,4.9,0.49,0.54,4.4,0.794974359,12.22091155,9.287892777,0.389
Trevor Ariza,Nor,SF,26,41,32.7,67.5,18.5,0.145,102,0.775,317,7.731707317,0.442,3.417414634,87,2.12195122,0.333,0.706609756,9.853658537,4.12402439,0.418527228,0.497,10.9,5.2,9.5,3.3,17,1.68,0.61,7,1.92804878,18.56589086,14.11007705,0.454382426
Trevor Booker,Was,C,23,50,25,52.1,15.8,0.131,93,0.602,341,6.82,0.531,3.62142,2,0.04,0.5,0.02,6.86,3.64142,0.530819242,0.548,8.4,6.5,14.7,0.8,5.2,0.96,0.86,5.6,1.11972,19.52671463,14.84030312,0.532276968
Tristan Thompson,Cle,PF,20,60,23.6,48.7,19.4,0.135,194,0.557,440,7.333333333,0.441,3.234,2,0.033333333,0,0,7.366666667,3.234,0.439004525,0.47,8.3,6.5,15.6,0.5,3.3,0.45,1.03,5.1,1.800966667,18.18353689,13.81948803,0.439004525
Troy Murphy,Lal,PF,31,59,16,32.9,9.7,0.129,9,0.667,104,1.762711864,0.471,0.830237288,67,1.13559322,0.418,0.474677966,2.898305085,1.304915254,0.450233918,0.537,3.2,3.2,11.3,0.9,8,0.25,0.27,5.2,0.101745763,11.00484466,8.363681944,0.532122807
Ty Lawson,Den,PG,24,61,34.6,71.1,21.3,0.148,216,0.824,566,9.278688525,0.53,4.917704918,199,3.262295082,0.367,1.197262295,12.54098361,6.114967213,0.487598693,0.58,16.3,3.7,6.3,6.5,30.2,1.34,0.1,8.5,2.917770492,25.45294702,19.34423973,0.53533268
Tyler Hansbrough,Ind,PF,25,66,21.6,44.7,21.1,0.099,278,0.813,477,7.227272727,0.409,2.955954545,1,0.015151515,0,0,7.242424242,2.955954545,0.408144351,0.513,9.3,4.4,11.5,0.5,3.5,0.82,0.14,5.1,3.424454545,20.59349683,15.65105759,0.408144351
Tyreke Evans,Sac,PG,22,63,34.2,70.8,23.9,0.144,258,0.779,801,12.71428571,0.486,6.179142857,99,1.571428571,0.202,0.317428571,14.28571429,6.496571429,0.45476,0.512,16.5,4.6,7.4,4.5,22.1,1.33,0.46,8.2,3.190190476,23.29115915,17.70128095,0.46587
Tyrus Thomas,Cha,PF,25,54,18.5,38.5,19.2,0.127,83,0.759,324,6,0.367,2.202,3,0.055555556,0.333,0.0185,6.055555556,2.2205,0.366688073,0.418,5.6,3.7,11.5,0.6,6.1,0.67,1.11,5,1.166611111,14.56596036,11.07012987,0.368215596
Tyson Chandler,Nyk,C,29,62,33,68.4,13,0.171,315,0.689,353,5.693548387,0.683,3.888693548,2,0.032258065,0,0,5.725806452,3.888693548,0.679152113,0.708,11.3,9.9,17.3,0.9,4.5,0.9,1.44,5.6,3.500564516,24.78677379,18.83794808,0.679152113
Udonis Haslem,Mia,PF,31,64,24.6,50.7,13.6,0.13,102,0.814,357,5.578125,0.423,2.359546875,0,0,0,0,5.578125,2.359546875,0.423,0.479,6,7.3,17.8,0.7,4,0.55,0.38,5.1,1.2973125,14.73867156,11.20139039,0.423
Vince Carter,Dal,SG,35,61,25.1,51.5,20.5,0.124,115,0.826,337,5.524590164,0.442,2.441868852,205,3.360655738,0.361,1.213196721,8.885245902,3.655065574,0.411363469,0.519,10.1,3.4,7.5,2.3,15.1,0.92,0.41,6.8,1.557213115,18.50420566,14.0631963,0.479633764
Vladimir Radmanovic,Atl,SF,30,49,15.2,30.9,15.4,0.143,29,0.759,62,1.265306122,0.387,0.489673469,135,2.755102041,0.37,1.019387755,4.020408163,1.509061224,0.375350254,0.524,4.5,2.9,11.3,1.1,10.9,0.47,0.31,6.4,0.449204082,14.64715085,11.13183465,0.502126903
Von Wafer,Orl,SG,26,33,14,28.8,21.8,0.162,54,0.704,118,3.575757576,0.483,1.727090909,39,1.181818182,0.359,0.424272727,4.757575758,2.151363636,0.452197452,0.537,5.9,1.4,5.6,0.9,11.2,0.3,0.09,5.6,1.152,16.47665533,12.52225805,0.496786624
Walker Russell,Det,PG,29,28,12.6,25.7,18.2,0.238,22,0.636,83,2.964285714,0.349,1.034535714,13,0.464285714,0.308,0.143,3.428571429,1.177535714,0.343447917,0.397,3,0.9,4.4,2.1,26.5,0.64,0.04,5.7,0.499714286,11.93215157,9.068435191,0.364302083
Wayne Ellington,Min,SG,24,51,18.9,39,16,0.075,40,0.8,194,3.803921569,0.448,1.704156863,108,2.117647059,0.324,0.686117647,5.921568627,2.39027451,0.403655629,0.487,6.1,1.9,5.6,0.6,5.6,0.51,0.2,4,0.62745098,11.10981867,8.443462188,0.461589404
Wesley Johnson,Min,SF,24,65,22.4,46.4,14.4,0.127,34,0.706,228,3.507692308,0.461,1.617046154,169,2.6,0.314,0.8164,6.107692308,2.433446154,0.398423174,0.477,6,2.7,6.7,0.9,6.4,0.54,0.74,4.4,0.369292308,11.12404432,8.454273685,0.465256927
Wesley Matthews,Por,SG,25,66,33.6,69.4,18.8,0.08,171,0.86,426,6.454545455,0.434,2.801272727,337,5.106060606,0.383,1.955621212,11.56060606,4.756893939,0.411474443,0.539,13.7,3.4,5.9,1.7,8.3,1.45,0.23,5.1,2.228181818,17.2706459,13.12569088,0.496055701
Will Bynum,Det,PG,29,36,14.1,28.9,25.2,0.196,64,0.766,165,4.583333333,0.406,1.860833333,29,0.805555556,0.241,0.194138889,5.388888889,2.054972222,0.381335052,0.459,5.7,1.6,6.6,1.8,22.8,0.64,0.06,7.2,1.361777778,17.66728274,13.42713488,0.399347938
Willie Green,Atl,SG,30,53,17.2,34.9,19.7,0.086,56,0.857,212,4,0.486,1.944,113,2.132075472,0.442,0.942377358,6.132075472,2.886377358,0.470701538,0.578,7.6,1.5,5.2,0.8,7.5,0.42,0.11,4.9,0.905509434,16.59458687,12.61188602,0.547541538
Xavier Henry,Nor,SG,20,45,16.7,34.4,18.9,0.117,85,0.612,211,4.688888889,0.393,1.842733333,17,0.377777778,0.412,0.155644444,5.066666667,1.998377778,0.394416667,0.45,5.3,2.4,8.4,0.8,7.8,0.58,0.18,5.2,1.156,13.35325707,10.14847537,0.409776316
Zach Randolph,Mem,PF,30,28,26,53.5,22.6,0.11,88,0.659,277,9.892857143,0.469,4.63975,8,0.285714286,0.25,0.071428571,10.17857143,4.711178571,0.462852632,0.5,11.6,8,18,1.7,11.4,0.75,0.14,8.3,2.071142857,22.42068252,17.03971871,0.466361403
Zaza Pachulia,Atl,C,27,58,28.1,57.1,14.2,0.165,158,0.741,340,5.862068966,0.497,2.913448276,0,0,0,0,5.862068966,2.913448276,0.497,0.556,7.8,7.9,16.4,1.4,7.5,0.93,0.48,6.3,2.018586207,18.87560332,14.34545853,0.497