NAME,TEAM,POS,AGE,GP,MPG,MIN%,USG%,TOr,FTA,FT%,2PAT,2PA,2P%,2PM,3PAT,3PA,3P%,3PM,FGA,FGM,FG%,TS%,PPG,RPG,TRB%,APG,AST%,SPG,VI,BPG,FTM,PER_n,PER,eFG%
A.J. Price,Was,PG,26,57,22.2,45.7,18.2,0.127,62,0.79,213,3.736842105,0.427,1.595631579,200,3.50877193,0.35,1.228070175,7.245614035,2.823701754,0.389711864,0.501,7.7,2,5,3.6,26.7,0.05,6.9,0.58,0.859298246,14.79046383,12.28938341,0.474457627
Aaron Brooks,Sac,PG,28,46,20.7,42.5,18.2,0.162,52,0.769,176,3.826086957,0.517,1.978086957,127,2.760869565,0.378,1.043608696,6.586956522,3.021695652,0.458739274,0.562,8,1.7,4.6,2.3,18,0.15,6.1,0.63,0.869304348,15.67732133,13.02627253,0.537957096
Aaron Gray,Tor,C,28,42,12,24.3,13.4,0.248,44,0.523,90,2.142857143,0.533,1.142142857,0,0,0,0,2.142857143,1.142142857,0.533,0.544,2.8,3.2,15.7,0.8,10.1,0.12,6.4,0.17,0.547904762,12.65594824,10.51581628,0.533
Al Horford,Atl,C,26,74,37,76.4,21.9,0.113,208,0.644,1054,14.24324324,0.544,7.748324324,6,0.081081081,0.5,0.040540541,14.32432432,7.788864865,0.543750943,0.56,17.4,10.2,15.8,3.2,15.5,1.05,9,1.05,1.810162162,23.86504417,19.82944425,0.545166038
Al Jefferson,Uta,C,28,78,32.5,67.1,25.7,0.073,217,0.77,1219,15.62820513,0.499,7.798474359,17,0.217948718,0.118,0.025717949,15.84615385,7.824192308,0.493759709,0.522,17.8,9.2,16.6,2.1,12.3,1.14,8.6,1.03,2.142179487,24.40555986,20.27855826,0.494571197
Alan Anderson,Tor,SG,30,65,22.8,46.6,23.8,0.105,147,0.857,331,5.092307692,0.426,2.169323077,285,4.384615385,0.333,1.460076923,9.476923077,3.6294,0.382972403,0.509,10.7,2.3,5.9,1.6,11.9,0.11,6,0.74,1.938138462,15.30789457,12.71931615,0.460005682
Alec Burks,Uta,SG,21,64,17.3,35.6,21.2,0.143,129,0.713,295,4.609375,0.437,2.014296875,92,1.4375,0.359,0.5160625,6.046875,2.530359375,0.418457364,0.506,7,2.3,7.7,1.4,13.4,0.2,6.5,0.55,1.437140625,14.97673612,12.44415689,0.461129199
Alexey Shved,Min,PG,24,77,23.7,49.2,20.8,0.173,151,0.722,347,4.506493506,0.435,1.960324675,288,3.74025974,0.295,1.103376623,8.246753247,3.063701299,0.371503937,0.475,8.6,2.3,5.5,3.7,25.2,0.35,7.1,0.7,1.41587013,15.33865338,12.74487363,0.438401575
Al Harrington,Orl,PF,33,10,11.7,23.5,25.5,0.106,4,0.75,27,2.7,0.444,1.1988,30,3,0.267,0.801,5.7,1.9998,0.350842105,0.434,5.1,2.7,13,1,13.9,0.1,8.2,0.4,0.3,13.81144656,11.47591882,0.421105263
Al-Farouq Aminu,Nor,SF,22,76,27,55.9,14.8,0.178,137,0.737,455,5.986842105,0.486,2.909605263,19,0.25,0.211,0.05275,6.236842105,2.962355263,0.474976793,0.519,7.3,7.7,17,1.3,7.8,0.67,6.2,1.21,1.328539474,16.5901673,13.78475544,0.479205696
Alonzo Gee,Cle,SF,25,82,30.8,64,17.1,0.137,205,0.795,525,6.402439024,0.45,2.881097561,219,2.670731707,0.315,0.841280488,9.073170732,3.722378049,0.410262097,0.505,10.3,3.9,7.3,1.6,8.3,0.35,5.2,1.3,1.9875,13.42863507,11.15784109,0.456622984
Amar’e Stoudemire,Nyk,PF,30,29,23.3,48.2,25.9,0.134,130,0.808,267,9.206896552,0.577,5.31237931,0,0,0,0,9.206896552,5.31237931,0.577,0.637,14.2,5,12.6,0.4,3.6,0.72,5.2,0.34,3.622068966,25.69837956,21.35276101,0.577
Amir Johnson,Tor,PF,25,81,28.5,58.5,16.2,0.145,187,0.727,593,7.320987654,0.558,4.085111111,13,0.160493827,0.385,0.061790123,7.481481481,4.146901235,0.554288779,0.591,10,7.5,15.7,1.5,8.8,1.36,6.8,1,1.678382716,20.7928873,17.2767918,0.558418317
Anderson Varejao,Cle,C,30,25,35.8,74.1,18.8,0.116,102,0.755,284,11.36,0.486,5.52096,5,0.2,0,0,11.56,5.52096,0.477591696,0.529,14.1,14.4,23.3,3.4,15.5,0.56,9.9,1.48,3.0804,23.94059468,19.8922191,0.477591696
Andray Blatche,Bro,PF,26,82,18.8,38.8,26.7,0.138,216,0.685,654,7.975609756,0.524,4.179219512,22,0.268292683,0.136,0.036487805,8.243902439,4.215707317,0.511372781,0.547,10.3,5.1,16,1,10.7,0.66,8,1.05,1.804390244,24.73406911,20.55151631,0.513585799
Andre Drummond,Det,C,19,60,20.5,42.4,17.3,0.122,159,0.371,340,5.666666667,0.609,3.451,2,0.033333333,0.5,0.016666667,5.7,3.467666667,0.608362573,0.578,7.9,7.6,21.4,0.5,4.2,1.58,6.1,0.98,0.98315,24.39952736,20.27354586,0.609824561
Andre Iguodala,Den,SG,29,80,34.5,71.1,18.9,0.171,270,0.574,592,7.4,0.515,3.811,287,3.5875,0.317,1.1372375,10.9875,4.9482375,0.450351536,0.52,13,5.3,8.6,5.4,22.6,0.65,8.3,1.73,1.93725,19.80680462,16.45745657,0.502102958
Andre Miller,Den,PG,36,82,26,53.6,18.1,0.193,194,0.84,569,6.93902439,0.504,3.497268293,64,0.780487805,0.266,0.207609756,7.719512195,3.704878049,0.479936809,0.548,9.6,2.9,6.2,5.9,32.6,0.13,8.4,0.88,1.987317073,20.51404395,17.04510111,0.493383886
Andrea Bargnani,Tor,PF,27,35,28.4,57.2,23.9,0.105,77,0.844,303,8.657142857,0.436,3.774514286,122,3.485714286,0.311,1.084057143,12.14285714,4.858571429,0.400117647,0.483,12.7,3.7,7.6,1.1,6.5,0.66,5.2,0.6,1.8568,14.5323052,12.07487963,0.444755294
Andrei Kirilenko,Min,SF,31,64,31.6,65.6,17.5,0.151,250,0.752,440,6.875,0.566,3.89125,120,1.875,0.292,0.5475,8.75,4.43875,0.507285714,0.59,12.4,5.7,10.2,2.8,14.5,0.97,7.4,1.5,2.9375,20.88520419,17.35349782,0.538571429
Andrew Bogut,Gol,C,28,32,24.3,49.9,13.6,0.148,38,0.5,183,5.71875,0.448,2.562,1,0.03125,1,0.03125,5.75,2.59325,0.451,0.463,5.8,7.7,17.3,2.1,12.6,1.72,7.5,0.63,0.59375,18.30385084,15.20865359,0.453717391
Andrew Nicholson,Orl,PF,23,75,16.5,34.1,22.4,0.13,94,0.798,486,6.48,0.527,3.41496,0,0,0,0,6.48,3.41496,0.527,0.557,7.8,3.4,11.8,0.6,6.2,0.43,6.1,0.32,1.00016,18.93597888,15.73388823,0.527
Antawn Jamison,Lal,SF,36,76,21.4,44.4,18.8,0.077,136,0.691,341,4.486842105,0.537,2.409434211,233,3.065789474,0.361,1.10675,7.552631579,3.516184211,0.465557491,0.562,9.4,4.8,12.2,0.7,5.1,0.29,5.9,0.39,1.236526316,17.54794847,14.58057498,0.538826655
Anthony Davis,Nor,PF,19,64,28.6,59.3,21.9,0.103,225,0.751,670,10.46875,0.519,5.43328125,6,0.09375,0,0,10.5625,5.43328125,0.514393491,0.558,13.5,8.2,17,1,6.2,1.75,6.7,1.17,2.640234375,24.3283891,20.21443715,0.514393491
Anthony Morrow,Atl,SF,27,24,12.3,24.9,19.2,0.033,18,0.889,73,3.041666667,0.438,1.33225,38,1.583333333,0.395,0.625416667,4.625,1.957666667,0.423279279,0.526,5.2,1.1,5,0.4,4.9,0.04,4.3,0.5,0.66675,12.16572903,10.10849357,0.490891892
Anthony Tolliver,Atl,PF,27,62,15.4,31.6,13.3,0.131,51,0.863,83,1.338709677,0.446,0.597064516,133,2.14516129,0.338,0.725064516,3.483870968,1.322129032,0.3795,0.531,4.1,2.5,9.3,0.5,4.9,0.19,4.5,0.24,0.709887097,10.02730166,8.331676148,0.483560185
Arnett Moultrie,Phi,C,22,47,11.3,23.5,14.3,0.115,28,0.643,134,2.85106383,0.582,1.659319149,0,0,0,0,2.85106383,1.659319149,0.582,0.595,3.7,3.1,15.4,0.2,3,0.21,4.7,0.36,0.38306383,15.53405297,12.90723098,0.582
Arron Afflalo,Orl,SG,27,64,35.8,74.2,22.6,0.121,223,0.857,665,10.390625,0.489,5.081015625,239,3.734375,0.301,1.124046875,14.125,6.2050625,0.43929646,0.527,16.5,3.7,5.9,3.2,14.8,0.17,6.5,0.63,2.986109375,16.85230811,14.00256801,0.47908573
Austin Daye,Det,SF,24,24,14.3,29.1,15.6,0.11,18,0.833,57,2.375,0.386,0.91675,40,1.666666667,0.525,0.875,4.041666667,1.79175,0.443319588,0.581,5.1,2.6,10.6,0.9,9.8,0.33,6.4,0.21,0.62475,15.24343422,12.66575611,0.55156701
Austin Daye,Mem,SF,24,31,10.4,21.3,19.2,0.119,16,0.688,53,1.709677419,0.509,0.870225806,58,1.870967742,0.345,0.645483871,3.580645161,1.515709677,0.423306306,0.529,4,1.9,11,0.7,10.8,0.45,6.7,0.29,0.355096774,15.69869495,13.04403185,0.513441441
Austin Rivers,Nor,PG,20,61,23,47.7,16.9,0.145,108,0.546,304,4.983606557,0.385,1.918688525,86,1.409836066,0.326,0.459606557,6.393442623,2.378295082,0.371989744,0.431,6.2,1.8,4.6,2.1,14,0.15,5,0.43,0.966688525,8.789774661,7.303416049,0.407933333
Avery Bradley,Bos,PG,22,50,28.5,57.4,19,0.124,49,0.755,352,7.04,0.432,3.04128,126,2.52,0.317,0.79884,9.56,3.84012,0.401686192,0.461,9.2,2.2,4.6,2.1,11.7,0.38,4.9,1.3,0.7399,11.7423047,9.756670666,0.443466527
Ben Gordon,Cha,SG,29,75,20.6,42.6,28,0.143,127,0.843,468,6.24,0.421,2.62704,292,3.893333333,0.387,1.50672,10.13333333,4.13376,0.407936842,0.515,11.2,1.7,4.8,1.9,17.9,0.21,6.4,0.47,1.42748,17.37130393,14.43380119,0.482281579
Beno Udrih,Mil,PG,30,39,18.2,37.4,18.7,0.173,33,0.727,189,4.846153846,0.529,2.563615385,49,1.256410256,0.265,0.332948718,6.102564103,2.896564103,0.474647059,0.521,6.7,2,5.9,3.5,30.8,0.05,7.9,0.41,0.615153846,17.27996687,14.3579093,0.501926471
Beno Udrih,Orl,PG,30,27,27.1,55.6,20.1,0.17,70,0.857,185,6.851851852,0.411,2.816111111,53,1.962962963,0.396,0.777333333,8.814814815,3.593444444,0.407659664,0.512,10.2,2.3,4.9,6.1,34.7,0.04,7.7,0.93,2.221851852,18.72916698,15.5620484,0.451752101
Bismack Biyombo,Cha,C,20,80,27.1,56.2,10.3,0.167,142,0.521,346,4.325,0.451,1.950575,0,0,0,0,4.325,1.950575,0.451,0.472,4.8,7.2,15.2,0.4,2.5,1.79,3.5,0.35,0.924775,12.91650126,10.73230955,0.451
Blake Griffin,Lac,PF,23,80,32.3,67.1,25.5,0.128,426,0.66,1044,13.05,0.548,7.1514,28,0.35,0.179,0.06265,13.4,7.21405,0.53836194,0.572,18,8.3,15.3,3.7,20,0.63,10.2,1.21,3.5145,26.9464008,22.38974077,0.540699627
Boris Diaw,San,C,30,75,22.5,46.3,12.1,0.189,65,0.723,254,3.386666667,0.587,1.987973333,78,1.04,0.385,0.4004,4.426666667,2.388373333,0.539542169,0.603,5.8,3.4,8.7,2.4,15.2,0.36,6.4,0.69,0.6266,15.16436257,12.60005554,0.584768072
Bradley Beal,Was,SG,19,56,31,63.7,22.3,0.106,159,0.786,451,8.053571429,0.424,3.414714286,236,4.214285714,0.386,1.626714286,12.26785714,5.041428571,0.410946143,0.515,13.9,3.8,6.7,2.5,14,0.52,6.6,0.89,2.231678571,16.96953807,14.09997428,0.477245997
Brandan Wright,Dal,PF,25,64,17.8,36.3,19.2,0.071,96,0.615,401,6.265625,0.601,3.765640625,3,0.046875,0,0,6.3125,3.765640625,0.596537129,0.606,8.5,4.1,12.6,0.6,5.7,1.19,6.2,0.41,0.9225,23.20204236,19.27855662,0.596537129
Brandon Bass,Bos,PF,27,81,27.4,56,15.6,0.109,150,0.86,587,7.24691358,0.487,3.529246914,2,0.024691358,0,0,7.271604938,3.529246914,0.48534635,0.535,8.7,5.2,11.3,1,6,0.79,5.2,0.54,1.592592593,14.79846594,12.29603235,0.48534635
Brandon Jennings,Mil,PG,23,80,36,74.5,23.8,0.129,281,0.819,785,9.8125,0.413,4.0525625,462,5.775,0.374,2.15985,15.5875,6.2124125,0.398550922,0.51,17.5,3.1,4.6,6.5,29.3,0.14,7.8,1.56,2.8767375,20.24042021,16.81774739,0.467832398
Brandon Knight,Det,PG,21,75,31.3,64.9,22.9,0.173,225,0.733,551,7.346666667,0.43,3.159066667,327,4.36,0.367,1.60012,11.70666667,4.759186667,0.406536446,0.511,13.3,3.3,6,4,21.5,0.11,7.2,0.77,2.199,16.61449653,13.80497058,0.474878701
Brandon Roy,Min,SG,28,5,24.1,48.3,17.2,0.151,10,0.7,26,5.2,0.423,2.1996,9,1.8,0,0,7,2.1996,0.314228571,0.368,5.8,2.8,6.6,4.6,29.1,0,7,0.6,1.4,10.99568417,9.136304326,0.314228571
Brandon Rush,Gol,SF,27,2,12.4,20.5,24,0.225,3,0.667,7,3.5,0.857,2.9995,2,1,0,0,4.5,2.9995,0.666555556,0.678,7,0.5,2.2,1,14.7,0,4.9,0,1.0005,19.80698401,16.45760562,0.666555556
Brendan Haywood,Cha,C,33,61,18.9,39,11.7,0.169,66,0.455,215,3.524590164,0.433,1.526147541,1,0.016393443,0,0,3.540983607,1.526147541,0.43099537,0.441,3.5,4.8,14.4,0.5,4,0.8,4.3,0.26,0.492295082,10.88530628,9.044591434,0.43099537
Brian Roberts,Nor,PG,27,78,16.8,34.7,21.9,0.115,77,0.909,358,4.58974359,0.43,1.973589744,153,1.961538462,0.386,0.757153846,6.551282051,2.73074359,0.416825832,0.509,7.1,1.2,4.4,2.8,28.7,0.04,6.9,0.47,0.897346154,16.2811985,13.52803354,0.474612525
Brook Lopez,Bro,C,24,74,30.2,62.4,28.8,0.094,392,0.758,1094,14.78378378,0.521,7.702351351,1,0.013513514,0,0,14.7972973,7.702351351,0.520524201,0.567,19.4,6.9,13.5,0.9,6.4,2.08,6.5,0.45,4.015351351,27.37525594,22.74607613,0.520524201
Byron Mullens,Cha,PF,23,53,26.7,55.2,21.8,0.109,99,0.646,355,6.698113208,0.425,2.846698113,208,3.924528302,0.317,1.244075472,10.62264151,4.090773585,0.385099467,0.465,10.6,6.4,13.6,1.5,10.2,0.6,7,0.64,1.206679245,15.77365572,13.10631669,0.443657194
C.J. Miles,Cle,SF,25,65,20.8,43.2,24.1,0.095,107,0.869,286,4.4,0.451,1.9844,328,5.046153846,0.384,1.937723077,9.446153846,3.922123077,0.415208469,0.551,11.2,2.7,7.5,1,8.2,0.26,6,0.75,1.430507692,18.58779809,15.44458511,0.517775244
C.J. Watson,Bro,PG,28,80,18.8,38.7,17.5,0.121,91,0.78,245,3.0625,0.424,1.2985,214,2.675,0.411,1.099425,5.7375,2.397925,0.417938998,0.544,6.8,1.8,5.7,2,17.5,0.15,6.2,0.83,0.88725,15.07646449,12.52702111,0.513749455
Carl Landry,Gol,PF,29,81,22.8,47.2,20.3,0.137,273,0.817,599,7.395061728,0.541,4.000728395,3,0.037037037,0.333,0.012333333,7.432098765,4.013061728,0.539963455,0.605,10.8,6,14.4,0.8,5.8,0.4,6.5,0.43,2.753592593,21.65273724,17.99124036,0.540793189
Carlos Boozer,Chi,PF,31,79,31.8,65.7,26.2,0.124,264,0.731,1138,14.40506329,0.478,6.885620253,2,0.025316456,0,0,14.43037975,6.885620253,0.477161404,0.51,16.2,9.8,17.6,2.3,13.7,0.35,9,0.84,2.442835443,22.30396664,18.5323463,0.477161403
Carlos Delfino,Hou,SF,30,67,25,51.8,18.7,0.1,56,0.857,199,2.970149254,0.467,1.387059701,421,6.28358209,0.375,2.356343284,9.253731343,3.743402985,0.404529032,0.549,10.6,3.3,7.4,2,12.6,0.13,6.6,1.01,0.716298507,16.53869117,13.74198397,0.531847581
Carmelo Anthony,Nyk,SF,28,67,36.9,76.5,35.8,0.093,512,0.83,1075,16.04477612,0.476,7.637313433,414,6.179104478,0.379,2.341880597,22.2238806,9.97919403,0.449030222,0.56,28.7,6.9,10.9,2.6,14.2,0.48,8.7,0.78,6.342686567,28.08789663,23.33820865,0.501718603
Caron Butler,Lac,SF,32,78,23.9,49.7,20.4,0.087,90,0.833,390,5,0.454,2.27,330,4.230769231,0.388,1.641538462,9.230769231,3.911538462,0.42375,0.535,10.4,2.9,7.1,1,6.6,0.14,5.2,0.65,0.961153846,14.67558977,12.19393465,0.512666667
Cartier Martin,Was,SF,28,41,16.7,34.3,19.7,0.108,28,0.714,106,2.585365854,0.358,0.925560976,146,3.56097561,0.397,1.413707317,6.146341463,2.339268293,0.380595238,0.511,6.6,2.4,8.1,0.5,4.9,0.17,4.8,0.46,0.487609756,12.35470727,10.26551543,0.495599206
Chandler Parsons,Hou,SF,24,76,36.1,74.8,18.4,0.127,155,0.729,545,7.171052632,0.56,4.015789474,395,5.197368421,0.385,2.000986842,12.36842105,6.016776316,0.486462766,0.585,15.5,5.3,8.4,3.5,15.7,0.42,7.3,0.99,1.486776316,19.30267708,16.03857744,0.567353724
Charles Jenkins,Phi,PG,23,12,12.3,25,13,0.048,4,0.5,38,3.166666667,0.368,1.165333333,0,0,0,0,3.166666667,1.165333333,0.368,0.377,2.5,0.9,4.2,1.3,15.9,0.08,4.7,0.5,0.166666667,6.443799493,5.354147341,0.368
Charlie Villanueva,Det,PF,28,69,15.6,32.3,22.2,0.074,49,0.551,205,2.971014493,0.415,1.232971014,259,3.753623188,0.347,1.302507246,6.724637681,2.535478261,0.377043103,0.481,6.8,3.5,12.9,0.8,8.5,0.57,6.8,0.45,0.391289855,16.17950673,13.44353794,0.473889009
Chase Budinger,Min,SF,24,23,21.8,45.1,20.7,0.099,42,0.762,110,4.782608696,0.482,2.305217391,81,3.52173913,0.321,1.130478261,8.304347826,3.435695652,0.413722513,0.516,9.4,3.1,8.2,1.1,8.5,0.3,5.8,0.61,1.391478261,15.21086863,12.63869739,0.481787958
Chauncey Billups,Lac,PG,36,22,18.8,38.8,19.8,0.145,48,0.938,42,1.909090909,0.476,0.908727273,90,4.090909091,0.367,1.501363636,6,2.410090909,0.401681818,0.601,8.4,1.5,4.6,2.2,17.6,0.05,6.4,0.55,2.046545455,17.87033819,14.84844831,0.526795455
Chris Andersen,Mia,PF,34,42,14.7,30,14.6,0.128,93,0.677,120,2.857142857,0.575,1.642857143,3,0.071428571,0.667,0.047642857,2.928571429,1.6905,0.577243902,0.631,4.9,4.1,17.2,0.4,4.1,1.05,5.5,0.38,1.499071429,20.19448885,16.77958306,0.585378049
Chris Bosh,Mia,C,28,74,33,67.9,22.9,0.11,302,0.798,833,11.25675676,0.557,6.270013514,74,1,0.284,0.284,12.25675676,6.554013514,0.534726571,0.592,16.6,6.8,12.6,1.7,8.5,1.36,7,0.89,3.256702703,23.48578127,19.51431504,0.546312018
Chris Copeland,Nyk,PF,28,56,15.2,31.5,25.7,0.107,83,0.759,240,4.285714286,0.513,2.198571429,140,2.5,0.421,1.0525,6.785714286,3.251071429,0.479105263,0.583,8.7,2.1,8.2,0.5,5.8,0.21,5.5,0.29,1.124946429,19.22681615,15.97554466,0.556657895
Chris Douglas-Roberts,Dal,SG,25,6,10.4,17.9,14.2,0.052,10,0.7,10,1.666666667,0.5,0.833333333,4,0.666666667,0,0,2.333333333,0.833333333,0.357142857,0.462,2.8,0.8,4.4,0.7,9,0,4.5,0.33,1.166666667,7.346735043,6.104395697,0.357142857
Chris Duhon,Lal,PG,30,46,17.6,36.5,9.3,0.237,13,0.462,32,0.695652174,0.438,0.304695652,91,1.97826087,0.363,0.718108696,2.673913043,1.022804348,0.382512195,0.517,2.9,1.5,4.6,2.9,23,0.02,5.3,0.43,0.130565217,10.21375529,8.486600305,0.516792683
Chris Johnson,Mem,SF,22,8,12.6,24.7,13.2,0.104,2,0.5,7,0.875,0.714,0.62475,18,2.25,0.333,0.74925,3.125,1.374,0.43968,0.56,3.6,1.4,6.4,0.3,3.1,0,3.6,0.5,0.125,9.228266228,7.667758307,0.55956
Chris Kaman,Dal,C,30,66,20.6,42,25.5,0.137,85,0.788,616,9.333333333,0.508,4.741333333,1,0.015151515,0,0,9.348484848,4.741333333,0.507176661,0.529,10.5,5.6,15.1,0.8,6.8,0.76,7,0.47,1.014848485,21.67858509,18.01271732,0.507176661
Chris Paul,Lac,PG,27,70,33.2,68.9,22.8,0.137,323,0.885,624,8.914285714,0.538,4.795885714,232,3.314285714,0.328,1.087085714,12.22857143,5.882971429,0.481084112,0.594,16.9,3.7,6.7,9.7,46.9,0.14,10.2,2.41,4.083642857,29.52681923,24.53380818,0.52553271
Chris Quinn,Cle,PG,29,7,11.1,22.4,13.2,0.262,2,1,11,1.571428571,0.364,0.572,5,0.714285714,0,0,2.285714286,0.572,0.25025,0.296,1.4,0.3,1.5,1.3,16.5,0,2.9,0.43,0.285714286,2.396474504,1.991228561,0.25025
Chris Singleton,Was,SF,23,57,16,33,15.8,0.142,70,0.571,205,3.596491228,0.415,1.49254386,36,0.631578947,0.194,0.122526316,4.228070175,1.615070175,0.381987552,0.425,4.1,3.2,11.2,0.6,6.4,0.42,5,0.67,0.70122807,10.66783047,8.863890971,0.396477178
Chris Wilcox,Bos,C,30,61,13.4,27.2,12.3,0.16,57,0.684,152,2.491803279,0.724,1.804065574,1,0.016393443,0,0,2.508196721,1.804065574,0.719267974,0.727,4.2,3,13,0.4,4.3,0.46,5.1,0.52,0.639147541,18.06061432,15.00654858,0.719267974
Chuck Hayes,Sac,C,29,74,16.1,33.3,9.5,0.172,48,0.625,189,2.554054054,0.444,1.134,1,0.013513514,0,0,2.567567568,1.134,0.441663158,0.469,2.7,4.1,14.2,1.5,13.2,0.24,6.3,0.42,0.405405405,12.01608209,9.984152059,0.441663158
Cole Aldrich,Sac,C,24,15,11.4,22.9,13.2,0.177,11,0.727,37,2.466666667,0.568,1.401066667,0,0,0,0,2.466666667,1.401066667,0.568,0.598,3.3,4.2,20.8,0.2,2.7,0.93,4.9,0.13,0.533133333,19.31690174,16.05039669,0.568
Corey Brewer,Den,SF,26,82,24.2,49.9,23.6,0.094,216,0.69,576,7.024390244,0.493,3.46302439,307,3.743902439,0.296,1.108195122,10.76829268,4.571219512,0.424507361,0.506,12.1,2.9,6.6,1.5,9.5,0.28,6.2,1.44,1.817560976,17.7335128,14.73476022,0.47596376
Corey Maggette,Det,SF,33,18,14.1,28.5,20.5,0.149,48,0.75,55,3.055555556,0.4,1.222222222,21,1.166666667,0.238,0.277666667,4.222222222,1.499888889,0.355236842,0.489,5.3,1.4,5.7,1.1,11.6,0.11,5.7,0.33,2,12.02837509,9.994366304,0.388118421
Cory Joseph,San,PG,21,28,13.5,27.3,17.1,0.15,21,0.857,89,3.178571429,0.506,1.608357143,21,0.75,0.286,0.2145,3.928571429,1.822857143,0.464,0.528,4.5,1.9,8,1.9,20.9,0.14,7.5,0.54,0.64275,15.9381927,13.24303032,0.4913
Courtney Lee,Bos,SG,27,78,24.7,50.3,15.9,0.131,72,0.861,374,4.794871795,0.503,2.411820513,156,2,0.372,0.744,6.794871795,3.155820513,0.464441509,0.545,7.8,2.4,5.8,1.8,11.8,0.27,5.2,1.14,0.794769231,13.82229864,11.4849358,0.519188679
D.J. Augustin,Ind,PG,25,76,16,33,15.2,0.168,99,0.838,104,1.368421053,0.346,0.473473684,190,2.5,0.353,0.8825,3.868421053,1.355973684,0.35052381,0.527,4.7,1.2,4.2,2.2,21.9,0.04,5.8,0.45,1.091605263,12.37310002,10.28079794,0.464588435
Daequan Cook,Hou,SG,25,16,10.1,20.6,17.9,0.09,3,0.667,29,1.8125,0.345,0.6253125,30,1.875,0.367,0.688125,3.6875,1.3134375,0.356186441,0.456,3.4,1.1,6.3,0.6,9.3,0.13,5.2,0.38,0.1250625,9.065370886,7.53240871,0.449491525
Dahntay Jones,Dal,SG,31,51,12.4,25.3,14.4,0.115,82,0.805,104,2.039215686,0.413,0.842196078,37,0.725490196,0.216,0.156705882,2.764705882,0.998901961,0.361304965,0.497,3.5,1.4,6.1,0.5,6.2,0.1,4.3,0.2,1.294313725,8.452585789,7.023246111,0.38964539
Dahntay Jones,Atl,SG,31,28,13.4,27.3,13.7,0.143,31,0.677,70,2.5,0.414,1.035,12,0.428571429,0.25,0.107142857,2.928571429,1.142142857,0.39,0.46,3.1,1.1,4.7,0.7,7.3,0.04,4,0.43,0.749535714,6.949742196,5.774534689,0.408292683
Damian Lillard,Por,PG,22,82,38.4,79.3,24.4,0.145,324,0.846,786,9.585365854,0.469,4.495536585,503,6.134146341,0.368,2.257365854,15.7195122,6.752902439,0.429587277,0.546,19.1,3.1,4.7,6.5,29,0.23,7.6,0.9,3.342731707,20.76752749,17.25572036,0.501388673
Damien Wilkins,Phi,SF,33,61,17.7,36.8,17.6,0.118,110,0.736,266,4.360655738,0.485,2.114918033,51,0.836065574,0.333,0.278409836,5.196721311,2.393327869,0.460545741,0.534,6.4,1.7,5.5,1.5,13.2,0.28,5.7,0.61,1.327213115,14.47962175,12.031105,0.487332808
Daniel Gibson,Cle,SG,26,46,19.8,41,14.4,0.105,37,0.703,84,1.826086957,0.333,0.608086957,163,3.543478261,0.344,1.218956522,5.369565217,1.827043478,0.340259109,0.475,5.4,1.3,3.8,1.8,13.5,0.09,4.7,0.65,0.565456522,9.53468823,7.922364079,0.453765182
Danilo Gallinari,Den,SF,24,71,32.3,66.4,21.5,0.098,348,0.822,509,7.169014085,0.45,3.226056338,362,5.098591549,0.373,1.901774648,12.26760563,5.127830986,0.417997704,0.561,16.2,5.2,9,2.5,11.3,0.51,7.4,0.92,4.028957746,20.5045783,17.03723611,0.495509759
Danny Granger,Ind,SF,29,5,14.5,26.9,26.7,0.094,8,0.625,25,5,0.32,1.6,10,2,0.2,0.4,7,2,0.285714286,0.35,5.4,1.8,6.9,0.6,7,0.2,5,0.4,1,5.733986207,4.764364105,0.314285714
Danny Green,San,SG,25,80,26.9,55.5,16.9,0.119,79,0.848,250,3.125,0.48,1.5,413,5.1625,0.429,2.2147125,8.2875,3.7147125,0.448230769,0.6,10.5,3.1,6.6,1.8,9.8,0.68,5.8,1.15,0.8374,17.43332898,14.48533774,0.581848416
Dante Cunningham,Min,PF,25,80,24.9,51.8,17.3,0.073,103,0.65,665,8.3125,0.472,3.9235,6,0.075,0,0,8.3875,3.9235,0.467779434,0.485,8.7,5.1,11.7,0.8,5.6,0.49,5.3,1.05,0.836875,14.71841225,12.22951582,0.467779434
Darius Miller,Nor,SF,22,52,13.2,27.2,9.2,0.171,8,1,52,1,0.423,0.423,56,1.076923077,0.393,0.423230769,2.076923077,0.846230769,0.407444444,0.529,2.3,1.5,6.8,0.8,9.4,0.23,4.3,0.33,0.153846154,7.885678822,6.55220361,0.509333333
Darius Morris,Lal,PG,22,48,14.1,29.3,16.3,0.181,37,0.649,122,2.541666667,0.402,1.02175,66,1.375,0.364,0.5005,3.916666667,1.52225,0.388659574,0.475,4,1.2,4.6,1.6,16.9,0.04,5.6,0.44,0.500270833,10.42212543,8.659734869,0.452553191
Darrell Arthur,Mem,PF,24,59,16.3,33.6,20.3,0.104,46,0.717,340,5.762711864,0.462,2.662372881,18,0.305084746,0.278,0.084813559,6.06779661,2.747186441,0.452748603,0.479,6.1,2.9,10.4,0.6,5.9,0.56,5.4,0.41,0.559016949,14.0186213,11.64806013,0.45973743
Darren Collison,Dal,PG,25,81,29.1,59.7,19.7,0.17,275,0.88,588,7.259259259,0.498,3.615111111,136,1.679012346,0.353,0.592691358,8.938271605,4.207802469,0.470762431,0.575,12,2.7,5.1,5.1,27,0.1,7.5,1.25,2.987654321,20.4545073,16.99563216,0.503917127
David Lee,Gol,PF,29,79,36.3,75.1,23.6,0.137,320,0.797,1156,14.63291139,0.521,7.623746835,4,0.050632911,0,0,14.6835443,7.623746835,0.519203448,0.561,18.5,11.2,17,3.5,16.8,0.28,9.9,0.85,3.22835443,24.7897673,20.59779589,0.519203448
David West,Ind,PF,32,73,33.1,68.5,24.6,0.12,315,0.768,991,13.57534247,0.504,6.841972603,19,0.260273973,0.211,0.054917808,13.83561644,6.896890411,0.498488119,0.545,17.2,7.7,13,2.9,16.9,0.95,8.8,1.03,3.313972603,23.83315343,19.80294626,0.500472772
DeAndre Jordan,Lac,C,24,82,24.3,50.6,16,0.143,249,0.386,488,5.951219512,0.643,3.826634146,0,0,0,0,5.951219512,3.826634146,0.643,0.606,8.8,7.2,17.7,0.3,2.2,1.37,4.4,0.59,1.172121951,20.41547819,16.96320291,0.643
DeJuan Blair,San,PF,23,61,13.7,28.2,19.3,0.14,70,0.629,270,4.426229508,0.526,2.328196721,1,0.016393443,0,0,4.442622951,2.328196721,0.524059041,0.543,5.4,3.8,15.9,0.7,8.4,0.16,7.1,0.61,0.721803279,18.20023825,15.12256198,0.52405904
DeMar DeRozan,Tor,SF,23,82,36.6,75,24.3,0.096,427,0.831,1111,13.54878049,0.463,6.273085366,120,1.463414634,0.283,0.414146341,15.01219512,6.687231707,0.44545329,0.523,18.1,3.9,6.3,2.5,12.1,0.29,6.1,0.93,4.327280488,17.64014637,14.65718213,0.459246954
DeMarcus Cousins,Sac,C,22,75,30.3,62.6,28.3,0.155,423,0.738,1013,13.50666667,0.472,6.375146667,23,0.306666667,0.174,0.05336,13.81333333,6.428506667,0.46538417,0.524,17.1,11.3,21.1,2.7,15.5,0.73,10.6,1.44,4.16232,27.71436071,23.02783798,0.467315637
DeMarre Carroll,Uta,SF,26,66,16.6,34.1,16.7,0.085,98,0.765,254,3.848484848,0.508,1.955030303,70,1.060606061,0.286,0.303333333,4.909090909,2.258363636,0.460037037,0.535,6,2.8,10.1,0.9,8.9,0.35,6,0.88,1.135909091,15.90099668,13.21212418,0.490932099
DeQuan Jones,Orl,SF,22,63,12.6,26,15.6,0.111,51,0.667,183,2.904761905,0.47,1.365238095,35,0.555555556,0.257,0.142777778,3.46031746,1.508015873,0.435802752,0.485,3.7,1.7,7.5,0.3,3.1,0.35,3.9,0.3,0.539952381,9.764900876,8.113647565,0.456433486
Derek Fisher,Dal,PG,38,9,25.2,46.1,18.7,0.193,23,0.913,42,4.666666667,0.31,1.446666667,23,2.555555556,0.435,1.111666667,7.222222222,2.558333333,0.354230769,0.513,8.6,1.7,3.6,3.7,20.9,0.22,6,0.56,2.333222222,14.44789731,12.00474519,0.431192308
Derek Fisher,Okc,PG,38,24,14.2,28.9,15.2,0.105,15,0.933,39,1.625,0.308,0.5005,57,2.375,0.351,0.833625,4,1.334125,0.33353125,0.478,4.1,0.9,3.7,0.7,6.7,0.04,3.9,0.58,0.583125,7.930635497,6.589558072,0.437734375
Deron Williams,Bro,PG,28,78,36.2,74.8,24.5,0.145,369,0.859,677,8.679487179,0.482,4.183512821,447,5.730769231,0.378,2.166230769,14.41025641,6.34974359,0.440640569,0.574,18.9,3,4.8,7.7,37.8,0.38,8.4,0.96,4.063730769,24.20310117,20.11033551,0.515803381
Derrick Favors,Uta,PF,21,77,22.9,47.2,20.9,0.16,260,0.688,561,7.285714286,0.488,3.555428571,5,0.064935065,0,0,7.350649351,3.555428571,0.483689046,0.534,9.4,7.1,18.1,1,7,1.69,7.1,0.87,2.323116883,23.08486275,19.18119219,0.483689046
Derrick Williams,Min,PF,21,78,24.4,50.6,23.7,0.1,271,0.705,590,7.564102564,0.463,3.502179487,196,2.512820513,0.332,0.83425641,10.07692308,4.336435897,0.430333333,0.515,11.9,5.5,12.9,0.6,4.4,0.47,5.6,0.56,2.449423077,18.0740507,15.01771286,0.471727735
DeSagana Diop,Cha,C,31,22,10.1,20.5,7.3,0.226,1,0,26,1.181818182,0.308,0.364,1,0.045454545,0,0,1.227272727,0.364,0.296592593,0.292,0.7,2.3,13.2,0.6,8.7,0.73,3.9,0.23,0,8.009897226,6.655416573,0.296592593
DeShawn Stevenson,Atl,SG,31,56,20.5,42.1,11.9,0.078,23,0.522,53,0.946428571,0.415,0.392767857,209,3.732142857,0.364,1.3585,4.678571429,1.751267857,0.374316794,0.522,5.1,2.2,6.1,0.9,6.6,0.11,4.2,0.52,0.214392857,8.917026163,7.40914921,0.5195
Devin Ebanks,Lal,SG,23,19,10.2,20.8,20.8,0.122,14,0.786,51,2.684210526,0.353,0.947526316,22,1.157894737,0.273,0.316105263,3.842105263,1.263631579,0.328890411,0.411,3.4,2.2,11.7,0.5,8,0.05,6.1,0.16,0.579157895,8.629204825,7.169998713,0.370027397
Devin Harris,Atl,SG,29,58,24.3,50,19.7,0.147,154,0.727,213,3.672413793,0.549,2.016155172,230,3.965517241,0.335,1.328448276,7.637931034,3.344603448,0.437893905,0.565,9.9,2,4.7,3.4,21.9,0.22,6.7,1.1,1.930310345,18.35776372,15.25344976,0.524857788
Dion Waiters,Cle,SG,21,61,28.6,59.4,26.3,0.118,213,0.746,612,10.03278689,0.446,4.474622951,203,3.327868852,0.31,1.031639344,13.36065574,5.506262295,0.412125153,0.492,14.7,2.4,4.9,3,18.5,0.26,6.6,0.97,2.604885246,17.39153916,14.45061462,0.450732515
Dirk Nowitzki,Dal,PF,34,53,31.2,63.4,24.4,0.079,193,0.86,571,10.77358491,0.487,5.246735849,157,2.962264151,0.414,1.226377358,13.73584906,6.473113208,0.471256868,0.564,17.3,6.8,12.1,2.5,13.6,0.66,8.5,0.7,3.131698113,23.68599292,19.68067072,0.515898352
Dominic McGuire,Tor,SF,27,15,15.2,29.2,8.5,0.168,6,0.333,32,2.133333333,0.469,1.000533333,0,0,0,0,2.133333333,1.000533333,0.469,0.462,2.1,3.2,12.5,0.7,6.5,0.53,4.4,0.33,0.1332,9.471851618,7.870153193,0.469
Dominic McGuire,Nor,SF,27,9,15.9,31.6,8.8,0.186,2,0.5,21,2.333333333,0.429,1.001,0,0,0,0,2.333333333,1.001,0.429,0.434,2.1,3.1,11.7,1,9.2,0.33,4.7,0.89,0.111111111,9.921376337,8.243662888,0.429
Dominique Jones,Dal,SG,24,28,11.5,22.9,23.8,0.22,53,0.66,99,3.535714286,0.384,1.357714286,9,0.321428571,0.111,0.035678571,3.857142857,1.393392857,0.36125,0.434,4.1,1.6,7.7,3,38.2,0.07,9.4,0.5,1.249285714,17.29933823,14.37400494,0.365875
Donald Sloan,Cle,PG,25,20,12.7,26.1,17.9,0.127,25,0.8,59,2.95,0.339,1.00005,19,0.95,0.368,0.3496,3.9,1.34965,0.346064103,0.455,4.1,1.4,6.4,1.9,22.4,0,7,0.25,1,11.62881423,9.662371537,0.390884615
Donatas Motiejunas,Hou,C,22,44,12,24.8,22.6,0.136,51,0.627,130,2.954545455,0.562,1.660454545,83,1.886363636,0.289,0.545159091,4.840909091,2.205613636,0.455619718,0.531,5.7,2.1,10,0.7,9.4,0.23,6.8,0.14,0.72675,16.14487517,13.4147626,0.51192723
Dorell Wright,Phi,SF,27,79,22.4,46.4,18.9,0.088,141,0.851,238,3.012658228,0.429,1.29243038,361,4.569620253,0.374,1.709037975,7.582278481,3.001468354,0.395853088,0.551,9.2,3.8,9.7,1.9,13.3,0.43,7.2,0.78,1.518873418,17.96325392,14.92565191,0.508552588
Doron Lamb,Mil,SG,21,23,12,24.4,18.6,0.136,15,0.533,79,3.434782609,0.367,1.260565217,16,0.695652174,0.25,0.173913043,4.130434783,1.434478261,0.347294737,0.384,3.4,0.7,3.3,0.9,10.8,0,4.3,0.3,0.347608696,4.928761405,4.095303525,0.368347368
Doron Lamb,Orl,SG,21,24,12.3,25.1,13.3,0.116,19,0.632,47,1.958333333,0.362,0.708916667,21,0.875,0.476,0.4165,2.833333333,1.125416667,0.397205882,0.498,3.2,1.2,5.6,0.5,5.9,0,4,0.25,0.500333333,7.035855217,5.846085922,0.470705883
Draymond Green,Gol,SF,22,79,13.2,27.3,14.2,0.154,55,0.818,189,2.392405063,0.37,0.885189873,67,0.848101266,0.209,0.177253165,3.240506329,1.062443038,0.327863281,0.405,2.9,3.3,13.7,0.7,7.2,0.32,5.7,0.53,0.569493671,10.60929927,8.81525745,0.355212891
Dwight Howard,Lal,C,27,76,35.6,73.8,22.3,0.166,721,0.492,807,10.61842105,0.581,6.169302632,6,0.078947368,0.167,0.013184211,10.69736842,6.182486842,0.577944649,0.573,17.1,12.4,19.3,1.4,6.7,2.45,7.5,1.11,4.667526316,26.53354,22.04669509,0.578560886
Dwyane Wade,Mia,SG,31,69,34.4,70.9,29.6,0.132,424,0.726,1027,14.88405797,0.537,7.99273913,66,0.956521739,0.258,0.246782609,15.84057971,8.239521739,0.52015279,0.572,21.2,5,8.9,5.1,26.9,0.81,9.5,1.86,4.461217391,28.16287572,23.40050871,0.52794236
Earl Barron,Was,C,31,11,10.9,21.3,18.7,0.203,5,0.4,37,3.363636364,0.351,1.180636364,0,0,0,0,3.363636364,1.180636364,0.351,0.357,2.5,3.9,19.9,0.3,4,0.45,5.2,0.45,0.181818182,11.29108093,9.381749234,0.351
Earl Clark,Lal,PF,25,59,22.9,47.5,15.9,0.129,76,0.697,282,4.779661017,0.479,2.289457627,104,1.762711864,0.337,0.594033898,6.542372881,2.883491525,0.440740933,0.51,7.3,5.5,13.3,1.1,7.6,0.75,6.2,0.61,0.897830508,15.71865968,13.06062052,0.486139896
Earl Watson,Uta,PG,33,48,17.1,35,11.1,0.345,25,0.68,92,1.916666667,0.348,0.667,28,0.583333333,0.179,0.104416667,2.5,0.771416667,0.308566667,0.366,2,1.8,6.2,4,32.3,0.17,5.7,0.83,0.354166667,11.83261754,9.831711526,0.32945
Ed Davis,Tor,PF,23,45,24,48.6,18.4,0.105,102,0.647,339,7.533333333,0.549,4.1358,0,0,0,0,7.533333333,4.1358,0.549,0.57,9.7,6.7,16.5,1.2,8.9,0.84,7.1,0.56,1.466533333,20.79259797,17.27655139,0.549
Ed Davis,Mem,PF,23,36,14.9,30.6,16.3,0.095,65,0.569,143,3.972222222,0.517,2.053638889,0,0,0,0,3.972222222,2.053638889,0.517,0.539,5.1,4.4,17.6,0.2,2.4,1.31,4.4,0.36,1.027361111,19.33899366,16.06875285,0.517
Eddy Curry,Dal,C,30,2,12.2,15.7,23.8,0.235,4,0.25,8,4,0.5,2,0,0,0,0,4,2,0.5,0.461,4.5,2,9,0,0,0,0,0,0.5,0,0,0.5
Ekpe Udoh,Mil,C,25,76,17.1,35.3,12.2,0.118,119,0.748,268,3.526315789,0.437,1.541,1,0.013157895,0,0,3.539473684,1.541,0.435375465,0.503,4.3,3.3,10.4,0.6,4.7,1.12,4.8,0.51,1.171210526,14.05628096,11.67935151,0.435375465
Elton Brand,Dal,C,33,72,21,43,17.3,0.099,93,0.71,477,6.625,0.474,3.14025,1,0.013888889,0,0,6.638888889,3.14025,0.473008368,0.499,7.2,6,15.6,1,7.2,1.28,6.7,0.71,0.917083333,19.00760748,15.79340437,0.473008368
Emeka Okafor,Was,C,30,79,25.8,53.2,19.7,0.122,191,0.571,687,8.696202532,0.477,4.148088608,0,0,0,0,8.696202532,4.148088608,0.477,0.496,9.7,8.7,18.8,1.2,8,0.97,7.2,0.57,1.380518987,19.32684436,16.05865801,0.477
Enes Kanter,Uta,C,20,70,15.2,31.3,22.7,0.19,117,0.795,379,5.414285714,0.544,2.945371429,1,0.014285714,1,0.014285714,5.428571429,2.959657143,0.5452,0.589,7.3,4.3,16.7,0.4,5.1,0.47,6.1,0.4,1.328785714,21.68695756,18.01967399,0.546515789
Eric Bledsoe,Lac,PG,23,76,20.3,42.1,22.7,0.179,134,0.791,490,6.447368421,0.453,2.920657895,78,1.026315789,0.397,0.407447368,7.473684211,3.328105263,0.445309859,0.513,8.5,3,8.7,3.1,23.8,0.72,8.5,1.43,1.394657895,21.53544447,17.8937819,0.472568662
Eric Gordon,Nor,SG,24,42,29.9,61.6,29.6,0.146,222,0.842,411,9.785714286,0.436,4.266571429,173,4.119047619,0.324,1.334571429,13.9047619,5.601142857,0.402821918,0.523,17,1.8,3.7,3.3,19.5,0.19,6.2,1.07,4.450571429,19.66788816,16.34203101,0.450811644
Eric Maynor,Okc,PG,25,37,10.4,21.2,18.4,0.2,21,0.81,69,1.864864865,0.304,0.566918919,46,1.243243243,0.326,0.405297297,3.108108108,0.972216216,0.3128,0.419,2.8,0.5,2.7,2,27.4,0,5.4,0.27,0.45972973,9.182921293,7.63008124,0.378
Eric Maynor,Por,PG,25,27,21,42.6,18.7,0.208,38,0.658,116,4.296296296,0.44,1.89037037,50,1.851851852,0.38,0.703703704,6.148148148,2.594074074,0.421927711,0.512,6.9,1,2.9,4,30.3,0.04,5.8,0.44,0.926074074,14.21900702,11.81456045,0.479156627
Ersan Ilyasova,Mil,PF,25,73,27.4,56.5,20.7,0.079,157,0.796,589,8.068493151,0.469,3.784123288,214,2.931506849,0.444,1.301589041,11,5.085712329,0.462337484,0.552,13.2,7.1,14,1.6,9.7,0.49,7.8,0.93,1.711945205,21.41455067,17.79333135,0.521500623
E’Twaun Moore,Orl,PG,23,75,22.2,46.1,19.9,0.144,59,0.797,401,5.346666667,0.424,2.266986667,197,2.626666667,0.34,0.893066667,7.973333333,3.160053333,0.396327759,0.471,7.8,2.2,5.7,2.7,19.2,0.31,6.5,0.68,0.626973333,13.79284079,11.46045931,0.452331104
Evan Fournier,Den,SG,20,38,11.1,22.5,20.7,0.159,39,0.769,98,2.578947368,0.541,1.395210526,54,1.421052632,0.407,0.578368421,4,1.973578947,0.493394737,0.597,5.3,0.9,4.7,1.2,15.8,0.03,6.4,0.5,0.789236842,17.99989166,14.95609418,0.565690789
Evan Turner,Phi,SF,24,82,35,72.6,21.4,0.14,208,0.74,895,10.91463415,0.428,4.671463415,159,1.93902439,0.365,0.707743902,12.85365854,5.379207317,0.418496205,0.478,13.3,6.3,10.2,4.3,19.9,0.21,8.1,0.87,1.877073171,16.61768839,13.8076227,0.44602704
Festus Ezeli,Gol,C,23,78,14.1,29.2,10.9,0.235,81,0.531,169,2.166666667,0.438,0.949,0,0,0,0,2.166666667,0.949,0.438,0.467,2.4,4,15.7,0.3,2.8,0.95,4,0.29,0.551423077,12.50814948,10.39301042,0.438
Francisco Garcia,Sac,SF,31,40,17.6,36,14.6,0.087,14,0.857,96,2.4,0.385,0.924,109,2.725,0.367,1.000075,5.125,1.924075,0.375429268,0.488,5.2,1.7,5.5,1.1,9.2,0.78,4.9,0.8,0.29995,12.41034438,10.31174425,0.472997561
Francisco Garcia,Hou,SF,31,18,17.6,35.8,15.2,0.109,7,0.857,25,1.388888889,0.56,0.777777778,70,3.888888889,0.386,1.501111111,5.277777778,2.278888889,0.431789474,0.586,6.4,1.3,4.1,1.1,9.6,0.39,4.8,0.78,0.333277778,14.39508,11.96085933,0.574
Garrett Temple,Was,SG,26,51,22.5,46.1,13.4,0.182,37,0.703,178,3.490196078,0.444,1.549647059,80,1.568627451,0.325,0.509803922,5.058823529,2.05945098,0.407100775,0.478,5.1,2.4,6,2.3,15.7,0.33,5.4,0.98,0.510019608,11.53121121,9.581273269,0.457488372
Gary Neal,San,PG,28,68,21.6,44.5,21.8,0.099,74,0.865,346,5.088235294,0.454,2.310058824,251,3.691176471,0.355,1.310367647,8.779411765,3.620426471,0.412376884,0.512,9.5,2.1,5.6,1.9,13.7,0.03,6.2,0.44,0.941323529,14.54724565,12.08729364,0.487004188
George Hill,Ind,PG,26,76,34.2,70.8,18.9,0.107,213,0.817,517,6.802631579,0.495,3.367302632,353,4.644736842,0.368,1.709263158,11.44736842,5.076565789,0.443470115,0.558,14.2,3.8,6.1,4.7,23.6,0.34,7.4,1.07,2.28975,18.86866107,15.67795392,0.518127586
Gerald Green,Ind,SG,27,60,17.8,36.8,21.6,0.105,65,0.8,236,3.933333333,0.407,1.600866667,188,3.133333333,0.314,0.983866667,7.066666667,2.584733333,0.365764151,0.465,7,2.4,7.4,0.8,7.9,0.38,5.3,0.3,0.866666667,11.89281337,9.881728186,0.435377358
Gerald Henderson,Cha,SG,25,68,31.2,64.4,23.6,0.098,313,0.824,755,11.10294118,0.462,5.129558824,100,1.470588235,0.33,0.485294118,12.57352941,5.614852941,0.446561404,0.531,15.5,3.7,6.8,2.6,15.7,0.5,6.8,1,3.792823529,19.24015094,15.98662452,0.465859649
Gerald Wallace,Bro,SF,30,69,29.9,61.7,14.6,0.169,190,0.637,295,4.275362319,0.461,1.970942029,163,2.362318841,0.282,0.666173913,6.637681159,2.637115942,0.39729476,0.49,7.7,4.6,9.1,2.6,13.4,0.67,6,1.41,1.754057971,13.90457014,11.55329512,0.447475983
Glen Davis,Orl,PF,27,34,31.1,64,25.5,0.108,117,0.718,476,14,0.45,6.3,2,0.058823529,0,0,14.05882353,6.3,0.448117155,0.483,15.1,7.2,13.1,2.1,11.6,0.62,7.9,0.94,2.470764706,19.39851296,16.11820739,0.448117155
Goran Dragic,Pho,PG,26,77,33.3,68.9,21.9,0.168,326,0.748,630,8.181818182,0.497,4.066363636,276,3.584415584,0.319,1.143428571,11.76623377,5.209792208,0.442774834,0.54,14.7,3.1,5.3,7.4,36,0.34,8.4,1.61,3.166857143,22.5028256,18.69757804,0.491364238
Gordon Hayward,Uta,SG,22,72,29,59.8,22.2,0.117,294,0.827,527,7.319444444,0.444,3.249833333,246,3.416666667,0.415,1.417916667,10.73611111,4.66775,0.434771022,0.564,14.1,3.1,6.3,3,16.8,0.53,7,0.81,3.376916667,19.97469745,16.59695857,0.500805951
Grant Hill,Lac,SF,40,29,14.9,30.8,14.3,0.186,24,0.583,88,3.034482759,0.398,1.207724138,11,0.379310345,0.273,0.103551724,3.413793103,1.311275862,0.384111111,0.424,3.2,1.7,6.8,0.9,8.5,0.21,4.6,0.38,0.482482759,7.435904269,6.178486329,0.399277778
Greg Monroe,Det,C,22,81,33,68.3,24.9,0.16,392,0.689,1054,13.01234568,0.488,6.350024691,4,0.049382716,0,0,13.0617284,6.350024691,0.486155009,0.527,16,9.6,16.7,3.5,18.7,0.68,9.9,1.3,3.334419753,24.19737922,20.10558115,0.486155009
Greg Smith,Hou,C,22,70,15.7,32.5,14.8,0.11,130,0.623,273,3.9,0.623,2.4297,1,0.014285714,0,0,3.914285714,2.4297,0.620726277,0.636,6,4.6,16.6,0.4,3.7,0.57,5.7,0.26,1.157,19.95291795,16.578862,0.620726277
Greg Stiemsma,Min,C,27,76,15.7,32.7,13.8,0.161,69,0.768,278,3.657894737,0.457,1.671657895,0,0,0,0,3.657894737,1.671657895,0.457,0.498,4,3.4,12.5,0.4,4.1,1.18,4.5,0.58,0.697263158,14.94995154,12.42190161,0.457
Greivis Vasquez,Nor,PG,26,78,34.2,70.9,23.1,0.186,154,0.805,770,9.871794872,0.462,4.560769231,243,3.115384615,0.342,1.065461538,12.98717949,5.626230769,0.433214215,0.502,13.9,4.3,7.5,9,45.3,0.08,9.5,0.85,1.589358974,21.29222551,17.69169148,0.474233958
Gustavo Ayon,Orl,C,27,43,13.1,27.1,14.5,0.211,38,0.5,125,2.906976744,0.536,1.558139535,0,0,0,0,2.906976744,1.558139535,0.536,0.54,3.6,3.3,14,1.4,15.8,0.3,7.8,0.3,0.441860465,15.90039854,13.21162718,0.536
Gustavo Ayon,Mil,C,27,12,13.3,26.4,15.3,0.16,12,0.083,42,3.5,0.595,2.0825,0,0,0,0,3.5,2.0825,0.595,0.539,4.3,4.9,19.8,1,11.9,0.33,8.3,0.75,0.083,19.98271645,16.60362155,0.595
Hakim Warrick,Cha,PF,30,27,17.7,36.1,21.8,0.122,86,0.674,160,5.925925926,0.413,2.447407407,3,0.111111111,0,0,6.037037037,2.447407407,0.405398773,0.473,7,3.3,10.7,0.9,9.1,0.22,6.2,0.44,2.146814815,14.02628039,11.65442406,0.405398773
Hamed Haddadi,Pho,C,27,17,13.6,27.5,19,0.273,25,0.52,61,3.588235294,0.459,1.647,0,0,0,0,3.588235294,1.647,0.459,0.479,4.1,5.1,21.4,0.5,5.3,1.24,6.4,0.29,0.764705882,19.25234585,15.99675726,0.459
Harrison Barnes,Gol,SF,20,81,25,51.7,18,0.124,190,0.758,483,5.962962963,0.464,2.766814815,145,1.790123457,0.359,0.642654321,7.75308642,3.409469136,0.439756369,0.526,9.2,4.1,9.1,1.2,7.3,0.17,5.7,0.64,1.778024691,14.40891678,11.9723563,0.481201433
Hasheem Thabeet,Okc,C,25,66,11.5,23.6,10.2,0.236,53,0.604,106,1.606060606,0.604,0.970060606,0,0,0,0,1.606060606,0.970060606,0.604,0.619,2.4,2.9,14.7,0.2,2.1,0.91,3.9,0.45,0.485030303,15.39803832,12.79421652,0.604
Hedo Turkoglu,Orl,SF,33,11,17,34,16.5,0.177,6,0.5,29,2.636363636,0.448,1.181090909,24,2.181818182,0.042,0.091636364,4.818181818,1.272727273,0.264150943,0.288,2.9,2.4,7.9,2.1,17.4,0.09,5.8,0.64,0.272727273,6.087464539,5.058068941,0.273660377
Ian Mahinmi,Ind,C,26,80,16.3,33.8,17.3,0.186,171,0.608,326,4.075,0.454,1.85005,2,0.025,0,0,4.1,1.85005,0.451231707,0.496,5,3.9,13.3,0.3,3.4,0.83,4.4,0.49,1.2996,14.76470864,12.26798345,0.451231707
Iman Shumpert,Nyk,PG,22,45,22,45.5,15.8,0.111,47,0.766,148,3.288888889,0.392,1.289244444,127,2.822222222,0.402,1.134533333,6.111111111,2.423777778,0.396618182,0.516,6.8,3,8.1,1.7,11.7,0.16,5.9,0.96,0.800044444,13.27454289,11.02980603,0.489443636
Isaiah Thomas,Sac,PG,23,79,26.6,55.1,23.2,0.127,287,0.882,511,6.46835443,0.491,3.175962025,321,4.063291139,0.358,1.454658228,10.53164557,4.630620253,0.439686298,0.574,13.9,2,4.3,4,24.8,0.04,7.2,0.85,3.204227848,21.32105313,17.71564433,0.508747596
Ishmael Smith,Orl,PG,24,36,10.3,21.2,17.8,0.186,7,0.429,99,2.75,0.354,0.9735,16,0.444444444,0.25,0.111111111,3.194444444,1.084611111,0.339530435,0.36,2.4,1.3,7,1.6,23.1,0.17,6.6,0.36,0.083416667,8.779056617,7.294510435,0.356921739
Ivan Johnson,Atl,C,28,69,14.8,30.5,22,0.147,131,0.618,343,4.971014493,0.536,2.664463768,13,0.188405797,0.077,0.014507246,5.15942029,2.678971014,0.519238764,0.546,6.6,3.9,14.9,0.7,7.6,0.2,7.1,0.81,1.173304348,19.81504803,16.46430601,0.520644663
J.J. Hickson,Por,C,24,80,28.9,59.6,20,0.144,268,0.679,742,9.275,0.563,5.221825,2,0.025,0,0,9.3,5.221825,0.561486559,0.591,12.7,10.4,20.9,1.1,6.6,0.64,7.3,0.6,2.27465,23.13568674,19.2234218,0.561486559
J.J. Redick,Orl,SG,28,50,31.3,64.7,21.6,0.141,129,0.891,282,5.64,0.514,2.89896,300,6,0.39,2.34,11.64,5.23896,0.450082474,0.592,15.1,2.4,4.3,4.4,22.9,0.1,6.9,0.58,2.29878,19.86081338,16.5023324,0.550597938
J.J. Redick,Mil,SG,28,28,28.5,58.1,19.5,0.092,61,0.918,147,5.25,0.49,2.5725,151,5.392857143,0.318,1.714928571,10.64285714,4.287428571,0.402845638,0.529,12.3,1.9,3.5,2.7,14.9,0.14,5.6,0.32,1.999928571,14.6953827,12.21038058,0.483412752
J.R. Smith,Nyk,SG,27,80,33.3,69.2,26.7,0.088,311,0.762,813,10.1625,0.458,4.654425,436,5.45,0.356,1.9402,15.6125,6.594625,0.422393915,0.522,18.1,5.3,9.3,2.7,14.6,0.3,7.7,1.25,2.962275,20.31593152,16.88048966,0.484530024
Jae Crowder,Dal,SF,22,78,17.2,35.2,15.2,0.109,73,0.644,175,2.243589744,0.446,1.000641026,192,2.461538462,0.328,0.807384615,4.705128205,1.808025641,0.38426703,0.491,5,2.4,7.7,1.2,10,0.22,5.7,0.81,0.602717949,12.12799454,10.07714002,0.470065395
Jamaal Tinsley,Uta,PG,34,66,18.1,37.2,13.4,0.301,26,0.692,108,1.636363636,0.444,0.726545455,127,1.924242424,0.307,0.590742424,3.560606061,1.317287879,0.369961702,0.465,3.5,1.7,5.6,4.4,35.1,0.2,6.6,0.97,0.272606061,14.93284471,12.40768756,0.452917021
Jamal Crawford,Lac,SG,32,76,29.1,60.6,26.2,0.115,248,0.871,620,8.157894737,0.477,3.891315789,396,5.210526316,0.376,1.959157895,13.36842105,5.850473684,0.437633858,0.558,16.5,1.7,3.4,2.5,14.5,0.17,5.7,1.04,2.842210526,19.69750084,16.36663616,0.510909449
Jameer Nelson,Orl,PG,30,56,35.1,72.6,22.7,0.157,102,0.873,425,7.589285714,0.435,3.301339286,355,6.339285714,0.341,2.161696429,13.92857143,5.463035714,0.392217949,0.498,14.7,3.7,6,7.4,33.5,0.11,8.4,1.27,1.590107143,19.36454016,16.08997942,0.469817308
James Anderson,Hou,SG,23,29,10.4,21.3,18.5,0.141,19,0.895,52,1.793103448,0.481,0.862482759,49,1.689655172,0.327,0.552517241,3.482758621,1.415,0.406287129,0.526,4,2,10.9,1.1,16.8,0.1,7.9,0.41,0.58637931,15.82376137,13.14794943,0.485608911
James Harden,Hou,SG,23,78,38.1,78.9,29.2,0.149,792,0.851,851,10.91025641,0.477,5.204192308,486,6.230769231,0.368,2.292923077,17.14102564,7.497115385,0.437378459,0.6,25.9,4.9,7.3,5.8,25.8,0.49,9.5,1.82,8.640923077,29.74549506,24.71550573,0.504262528
James Johnson,Sac,SF,25,54,16.1,33.1,19.5,0.179,67,0.597,262,4.851851852,0.439,2.129962963,21,0.388888889,0.095,0.036944444,5.240740741,2.166907407,0.413473498,0.442,5.1,2.7,9.5,1.1,10.4,0.93,6.1,0.76,0.740722222,14.62433831,12.15134986,0.416998233
Jan Vesely,Was,PF,22,51,11.6,23.8,12.2,0.171,39,0.308,113,2.215686275,0.504,1.116705882,1,0.019607843,0,0,2.235294118,1.116705882,0.499578947,0.48,2.5,2.4,11.5,0.5,7.4,0.31,5,0.29,0.235529412,9.994490538,8.304413413,0.499578947
Jannero Pargo,Was,PG,33,7,14.3,27.1,18.6,0.196,2,1,12,1.714285714,0.417,0.714857143,20,2.857142857,0.15,0.428571429,4.571428571,1.143428571,0.250125,0.319,3,0.9,3.3,2,21.4,0.14,4.9,0,0.285714286,4.235821636,3.519540478,0.297
Jannero Pargo,Atl,PG,33,7,16,30.1,18.2,0.114,2,1,18,2.571428571,0.333,0.856285714,20,2.857142857,0.35,1,5.428571429,1.856285714,0.341947368,0.45,5,1,3.6,2.7,25.7,0,6,0.43,0.285714286,11.37124048,9.448353728,0.434052631
Jannero Pargo,Cha,PG,33,18,16.1,32.6,27.3,0.161,9,0.889,66,3.666666667,0.424,1.554666667,76,4.222222222,0.382,1.612888889,7.888888889,3.167555556,0.401521127,0.517,8.4,1.2,4.3,1.9,22.7,0.11,6.6,0.83,0.4445,17.771491,14.76631627,0.503746479
Jared Dudley,Pho,SG,27,79,27.3,56.5,17.4,0.12,162,0.796,398,5.037974684,0.52,2.619746835,271,3.430379747,0.391,1.341278481,8.46835443,3.961025316,0.467744395,0.582,10.9,3.1,6.5,2.6,15,0.1,6.5,0.95,1.632303797,17.14848231,14.24865889,0.546937967
Jared Sullinger,Bos,PF,20,45,19.6,39.5,15.1,0.103,63,0.746,220,4.888888889,0.5,2.444444444,5,0.111111111,0.2,0.022222222,5,2.466666667,0.493333333,0.534,6,5.9,17.7,0.8,6.3,0.49,6.2,0.49,1.0444,16.6383184,13.82476415,0.495555556
Jarrett Jack,Gol,PG,29,79,29.2,60.5,21.4,0.142,198,0.843,654,8.278481013,0.466,3.857772152,204,2.582278481,0.402,1.038075949,10.86075949,4.895848101,0.450783217,0.541,12.9,3.1,5.8,5.5,30.3,0.13,8.3,0.76,2.112835443,20.3330793,16.89473774,0.498573427
Jason Collins,Bos,C,34,32,10.2,20.1,7.6,0.307,30,0.7,23,0.71875,0.348,0.250125,0,0,0,0,0.71875,0.250125,0.348,0.511,1.2,1.6,9.5,0.2,2.5,0.19,2.9,0.31,0.65625,5.500658494,4.570492313,0.348
Jason Kidd,Nyk,PG,39,76,26.7,55.4,11.7,0.15,48,0.833,84,1.105263158,0.452,0.499578947,324,4.263157895,0.352,1.500631579,5.368421053,2.000210526,0.372588235,0.534,6,4.3,9.3,3.3,17.9,0.32,6.6,1.64,0.526105263,14.87876488,12.36275267,0.512352941
Jason Maxiell,Det,PF,29,72,24.7,51,15.4,0.135,145,0.621,457,6.347222222,0.446,2.830861111,0,0,0,0,6.347222222,2.830861111,0.446,0.478,6.9,5.7,13.3,0.8,4.8,1.32,5.1,0.44,1.250625,14.45827268,12.01336607,0.446
Jason Richardson,Phi,SG,32,33,28.2,58.1,18.7,0.069,33,0.606,169,5.121212121,0.462,2.366,167,5.060606061,0.341,1.725666667,10.18181818,4.091666667,0.401860119,0.495,10.5,3.8,7.7,1.5,8.7,0.45,5.5,1.21,0.606,14.043917,11.6690783,0.486602679
Jason Smith,Nor,C,26,51,17,35.1,23.7,0.125,102,0.843,337,6.607843137,0.496,3.277490196,4,0.078431373,0,0,6.68627451,3.277490196,0.490181818,0.544,8.2,3.6,12.8,0.7,7.1,0.88,6.5,0.29,1.686,20.54217176,17.06847248,0.490181818
Jason Terry,Bos,SG,35,79,26.7,54.4,18.1,0.126,131,0.87,317,4.012658228,0.498,1.998303797,331,4.189873418,0.372,1.558632911,8.202531646,3.556936709,0.433638889,0.566,10.1,2,4.5,2.5,15.2,0.14,5.5,0.84,1.442658228,15.12342863,12.56604357,0.528648148
Jason Thompson,Sac,PF,26,82,27.7,57.2,18.3,0.108,206,0.694,742,9.048780488,0.504,4.560585366,3,0.036585366,0,0,9.085365854,4.560585366,0.50197047,0.533,10.9,6.7,13.7,1,6,0.74,6,0.59,1.743463415,17.81714476,14.80424993,0.50197047
JaVale McGee,Den,C,25,79,18,37.1,21.3,0.129,186,0.591,525,6.64556962,0.573,3.807911392,1,0.012658228,1,0.012658228,6.658227848,3.82056962,0.573811787,0.588,9.1,4.8,15,0.3,2.8,1.97,5.2,0.38,1.391468354,25.95034667,21.56212027,0.574762357
Jeff Adrien,Cha,SF,26,52,13.5,27.9,15.8,0.131,100,0.65,166,3.192307692,0.434,1.385461538,2,0.038461538,0,0,3.230769231,1.385461538,0.428833333,0.493,4,3.8,16,0.7,8.4,0.52,6.5,0.35,1.25,15.38942462,12.7870594,0.428833333
Jeff Green,Bos,SF,26,81,27.6,56.4,22.3,0.125,265,0.808,624,7.703703704,0.49,3.774814815,182,2.24691358,0.385,0.865061728,9.950617284,4.639876543,0.466290323,0.561,12.8,3.9,8.4,1.6,9.7,0.84,6.2,0.69,2.64345679,19.07403441,15.84859845,0.509758064
Jeff Taylor,Cha,SF,23,77,19.4,40.1,15,0.097,103,0.728,245,3.181818182,0.486,1.546363636,154,2,0.344,0.688,5.181818182,2.234363636,0.431192982,0.531,6.1,1.9,5.8,0.8,7.1,0.19,4.3,0.61,0.973818182,11.27278973,9.366551089,0.497578947
Jeff Teague,Atl,PG,24,80,32.7,67.4,23.1,0.176,226,0.881,726,9.075,0.482,4.37415,248,3.1,0.359,1.1129,12.175,5.48705,0.450681725,0.543,14.6,2.3,3.9,7.2,36.4,0.35,7.6,1.46,2.488825,21.98593107,18.26809082,0.496386037
Jeremy Lin,Hou,PG,24,82,32,66.3,20.9,0.188,275,0.785,640,7.804878049,0.483,3.769756098,257,3.134146341,0.339,1.06247561,10.93902439,4.832231707,0.441742475,0.538,13.4,3,5.3,6.1,29.6,0.35,7.8,1.61,2.632621951,20.79308434,17.27695552,0.49030602
Jeremy Pargo,Cle,PG,26,25,17.7,36.5,24.4,0.153,41,0.683,130,5.2,0.438,2.2776,57,2.28,0.316,0.72048,7.48,2.99808,0.400812834,0.478,7.8,1.3,4.2,2.6,24.6,0.08,6.7,0.48,1.12012,15.15758341,12.59442275,0.448973262
Jeremy Pargo,Phi,PG,26,14,14.6,29.8,19.2,0.153,21,0.667,46,3.285714286,0.37,1.215714286,17,1.214285714,0.412,0.500285714,4.5,1.716,0.381333333,0.478,4.9,1.2,4.7,2,20.8,0,6.2,0.07,1.0005,11.26981181,9.364076742,0.436920635
Jermaine O’Neal,Pho,C,34,55,18.5,38.2,21.6,0.148,115,0.835,371,6.745454545,0.482,3.251309091,0,0,0,0,6.745454545,3.251309091,0.482,0.538,8.3,5.3,16.4,0.8,6.9,1.42,7.1,0.35,1.745909091,22.65548699,18.82442425,0.482
Jerry Stackhouse,Bro,SF,38,37,14.5,29.6,17.7,0.116,23,0.87,83,2.243243243,0.434,0.973567568,89,2.405405405,0.337,0.810621622,4.648648649,1.784189189,0.38380814,0.5,4.9,0.9,3.6,0.9,10.6,0.11,4.4,0.19,0.540810811,9.32813279,7.750737346,0.470997093
Jerryd Bayless,Mem,PG,24,80,21.9,45.3,20.9,0.151,122,0.836,419,5.2375,0.451,2.3621125,201,2.5125,0.353,0.8869125,7.75,3.249025,0.419229032,0.514,8.7,2.2,5.9,3.3,25.1,0.23,7.3,0.74,1.2749,17.04637151,14.16381512,0.476449194
Jimmer Fredette,Sac,PG,23,69,13.8,28.5,24.4,0.13,99,0.859,255,3.695652174,0.42,1.552173913,156,2.260869565,0.417,0.942782609,5.956521739,2.494956522,0.418861314,0.543,7.2,1,4.2,1.3,16.3,0.04,6.1,0.45,1.232478261,16.876207,14.02242558,0.498
Jimmy Butler,Chi,SF,23,82,25.8,53.3,14.7,0.092,233,0.803,407,4.963414634,0.489,2.427109756,105,1.280487805,0.381,0.487865854,6.243902439,2.91497561,0.466851563,0.574,8.6,4,8.9,1.4,8.8,0.38,5.6,0.95,2.281695122,15.55691993,12.92623111,0.505918945
Joakim Noah,Chi,C,27,66,36.3,74.9,17.4,0.193,237,0.751,625,9.46969697,0.485,4.59280303,5,0.075757576,0,0,9.545454545,4.59280303,0.481150794,0.534,11.9,11.1,17.6,4,17.9,2.14,8.9,1.18,2.696772727,22.69610757,18.85817585,0.481150794
Jodie Meeks,Lal,SG,25,78,21.1,43.8,16.9,0.083,96,0.896,188,2.41025641,0.441,1.062923077,342,4.384615385,0.357,1.565307692,6.794871795,2.628230769,0.386796226,0.54,7.9,2.2,5.7,0.9,6.5,0.06,4.7,0.74,1.102769231,12.76975881,10.61038138,0.501979245
Joe Johnson,Bro,SG,31,72,36.5,75.2,21.9,0.099,161,0.82,658,9.138888889,0.451,4.121638889,395,5.486111111,0.375,2.057291667,14.625,6.178930556,0.422490978,0.521,16.3,3,4.9,3.5,16.9,0.19,6.1,0.68,1.833611111,15.73338022,13.07285181,0.492825736
Johan Petro,Atl,C,27,31,11.1,22.7,18.7,0.172,12,0.917,106,3.419354839,0.443,1.514774194,4,0.129032258,0.25,0.032258065,3.548387097,1.547032258,0.435981818,0.468,3.5,3.6,18.6,0.5,7.3,0.29,6.7,0.32,0.354967742,14.70070973,12.21480681,0.440527273
John Henson,Mil,PF,22,63,13,26.7,22.9,0.11,105,0.533,333,5.285714286,0.486,2.568857143,3,0.047619048,0,0,5.333333333,2.568857143,0.481660714,0.497,6,4.7,19.6,0.5,6.4,0.67,7.4,0.3,0.888333333,21.07533184,17.51147472,0.481660714
John Jenkins,Atl,SG,21,61,14.6,30,19,0.11,70,0.843,156,2.557377049,0.5,1.278688525,138,2.262295082,0.384,0.868721311,4.819672131,2.147409836,0.44555102,0.576,6.1,1.5,6.1,0.9,10,0.16,5.5,0.2,0.967377049,14.52295692,12.06711215,0.535673469
John Lucas III,Tor,PG,29,63,12.9,26.4,21.1,0.07,25,0.72,183,2.904761905,0.393,1.141571429,151,2.396825397,0.377,0.903603175,5.301587302,2.045174603,0.385766467,0.483,5.3,1,4.7,1.7,21.9,0.02,6.5,0.37,0.285714286,12.98469433,10.78897112,0.470986527
John Salmons,Sac,SG,33,76,29.8,61.6,14.6,0.114,110,0.773,345,4.539473684,0.42,1.906578947,267,3.513157895,0.371,1.303381579,8.052631579,3.209960526,0.398622549,0.509,8.8,2.7,5.2,3,14.9,0.33,5.6,0.67,1.118815789,12.49389668,10.38116778,0.479551471
John Wall,Was,PG,22,49,32.5,66.7,29.4,0.153,306,0.804,690,14.08163265,0.452,6.364897959,45,0.918367347,0.267,0.245204082,15,6.610102041,0.440673469,0.521,18.5,4,6.9,7.6,44.1,0.76,10.2,1.31,5.020897959,26.87024005,22.32645887,0.448846939
Jonas Jerebko,Det,PF,25,49,18,37.1,20.5,0.106,88,0.773,233,4.755102041,0.502,2.387061224,83,1.693877551,0.301,0.509857143,6.448979592,2.896918367,0.449205696,0.531,7.7,3.8,12.1,0.9,8.3,0.16,6.6,0.78,1.388244898,17.40684926,14.46333577,0.488735759
Jonas Valanciunas,Tor,C,20,62,23.7,48.4,17.1,0.173,185,0.789,366,5.903225806,0.557,3.288096774,1,0.016129032,0,0,5.919354839,3.288096774,0.555482289,0.618,8.9,6,15.1,0.7,5.2,1.26,5.6,0.26,2.354274194,20.1960313,16.78086468,0.555482289
Jordan Crawford,Was,SG,24,43,26,53.3,26.6,0.149,106,0.821,337,7.837209302,0.451,3.534581395,171,3.976744186,0.345,1.371976744,11.81395349,4.90655814,0.415318898,0.512,13.2,3.1,6.7,3.6,25.6,0.12,8.1,0.63,2.023860465,19.16593967,15.92496244,0.473384842
Jordan Crawford,Bos,SG,24,27,21.4,41.9,23.3,0.155,53,0.792,142,5.259259259,0.465,2.445555556,75,2.777777778,0.32,0.888888889,8.037037037,3.334444444,0.414884793,0.512,9.1,2.7,7.6,2.5,19.6,0.07,7.4,0.44,1.554666667,16.16511956,13.43158365,0.470184332
Jordan Hill,Lal,C,25,29,15.6,32.2,20.4,0.125,61,0.656,153,5.275862069,0.503,2.653758621,2,0.068965517,0,0,5.344827586,2.653758621,0.496509677,0.533,6.7,5.7,20.2,0.4,4.8,0.66,6.4,0.28,1.379862069,20.88358965,17.3521563,0.496509677
Jose Barea,Min,PG,28,74,22.9,47.7,25.3,0.151,134,0.784,477,6.445945946,0.459,2.958689189,280,3.783783784,0.346,1.309189189,10.22972973,4.267878378,0.417203435,0.511,11.3,2.8,7,4,30.9,0.01,8.8,0.43,1.419675676,19.36265936,16.08841666,0.481192867
Jose Calderon,Tor,PG,31,45,28.1,57,18.2,0.151,52,0.904,214,4.755555556,0.505,2.401555556,184,4.088888889,0.429,1.754133333,8.844444444,4.155688889,0.469864322,0.594,11.1,2.4,5,7.4,44,0.13,8.3,0.62,1.044622222,21.97478784,18.25883192,0.569030151
Jose Calderon,Det,PG,31,28,31.4,64.3,15.5,0.17,28,0.893,139,4.964285714,0.532,2.641,98,3.5,0.52,1.82,8.464285714,4.461,0.527037975,0.654,11.6,2.5,4.6,6.6,34.4,0.07,7.3,1.07,0.893,20.88266745,17.35139005,0.634548523
Josh Howard,Min,SF,32,11,18.8,38.3,20,0.108,12,0.583,61,5.545454545,0.426,2.362363636,16,1.454545455,0.313,0.455272727,7,2.817636364,0.402519481,0.45,6.7,3.3,10,0.4,3.3,0.27,4.4,0.91,0.636,11.93988637,9.920841105,0.435038961
Josh McRoberts,Orl,PF,25,41,16.5,34.1,13,0.144,30,0.733,98,2.390243902,0.439,1.049317073,55,1.341463415,0.309,0.414512195,3.731707317,1.463829268,0.392267974,0.478,3.9,3.3,11.4,1.7,14.7,0.29,6.8,0.24,0.536341463,12.26255768,10.18894841,0.447807189
Josh McRoberts,Cha,PF,25,26,30.7,62.6,14.4,0.151,55,0.782,161,6.192307692,0.553,3.424346154,29,1.115384615,0.241,0.268807692,7.307692308,3.693153846,0.505378947,0.565,9.3,7.2,13.5,2.7,15,0.58,7.4,0.85,1.654230769,17.67705119,14.68784631,0.523771053
Josh Smith,Atl,PF,27,76,35.1,72.4,26.9,0.146,321,0.517,981,12.90789474,0.498,6.428131579,201,2.644736842,0.303,0.801355263,15.55263158,7.229486842,0.464840102,0.501,17.5,8.4,13.7,4.2,21.2,1.79,9.7,1.24,2.183644737,24.00145366,19.94278677,0.490602792
Jrue Holiday,Phi,PG,22,81,36.9,76.6,26.5,0.173,250,0.752,1054,13.01234568,0.445,5.790493827,257,3.172839506,0.366,1.161259259,16.18518519,6.951753086,0.429513349,0.495,17.4,4.1,6.3,7.8,36.1,0.47,8.9,1.56,2.320987654,21.75974428,18.08015242,0.46538749
Kawhi Leonard,San,SF,21,58,30.7,63,16.6,0.096,126,0.825,352,6.068965517,0.554,3.362206897,174,3,0.374,1.122,9.068965517,4.484206897,0.494456274,0.592,11.9,6,11.2,1.6,7.8,0.55,6.3,1.67,1.792241379,19.21820619,15.96839065,0.556315589
Keith Bogans,Bro,SG,32,74,18.8,38.9,11.3,0.144,17,0.647,39,0.527027027,0.615,0.324121622,245,3.310810811,0.343,1.135608108,3.837837838,1.45972973,0.380352113,0.533,4.2,1.6,5.1,1,8.2,0.05,4,0.38,0.148635135,7.877477903,6.545389474,0.528301056
Kemba Walker,Cha,PG,22,82,34.7,71.8,25.7,0.125,371,0.798,912,11.12195122,0.459,5.10497561,332,4.048780488,0.322,1.303707317,15.17073171,6.408682927,0.422437299,0.517,17.7,3.5,5.7,5.7,31.3,0.38,8.1,1.95,3.610463415,22.00410331,18.28319012,0.465405145
Kendall Marshall,Pho,PG,21,48,14.4,29.8,13.7,0.266,14,0.571,78,1.625,0.423,0.687375,73,1.520833333,0.315,0.4790625,3.145833333,1.1664375,0.370788079,0.455,3,0.9,3.4,3,29.8,0.08,5.6,0.46,0.166541667,11.35848364,9.437754086,0.446930464
Kendrick Perkins,Okc,C,28,78,24.8,51.3,10.7,0.24,72,0.611,313,4.012820513,0.46,1.845897436,1,0.012820513,0,0,4.025641026,1.845897436,0.458535032,0.48,4.3,6,13.8,1.4,8,1.06,5.3,0.55,0.564,12.85361252,10.68005536,0.458535032
Kenneth Faried,Den,PF,23,80,27.8,57.3,17.9,0.123,266,0.613,689,8.6125,0.552,4.7541,0,0,0,0,8.6125,4.7541,0.552,0.573,11.5,9.2,18.5,1,5.2,1.05,6.8,1.01,2.038225,22.63720325,18.80923231,0.552
Kenyon Martin,Nyk,PF,35,18,23.8,49,13.8,0.126,40,0.425,93,5.166666667,0.602,3.110333333,0,0,0,0,5.166666667,3.110333333,0.602,0.583,7.2,5.2,12.8,0.4,3,0.94,4.1,0.89,0.944444444,16.18561998,13.44861743,0.602
Kevin Durant,Okc,SF,24,81,38.3,79.2,29.9,0.137,750,0.905,1099,13.56790123,0.539,7.313098765,334,4.12345679,0.416,1.715358025,17.69135802,9.02845679,0.510331472,0.647,28.1,7.9,11.8,4.6,21.8,1.3,10.5,1.43,8.37962963,34.68112634,28.81651743,0.558811584
Kevin Garnett,Bos,C,36,68,29.5,60.1,24.7,0.105,201,0.786,834,12.26470588,0.504,6.181411765,16,0.235294118,0.125,0.029411765,12.5,6.210823529,0.496865882,0.535,14.8,7.8,15.6,2.3,14.5,0.91,8.7,1.15,2.323323529,23.69657913,19.6894668,0.498042353
Kevin Jones,Cle,PF,23,32,10.3,21.2,16.5,0.066,15,0.6,107,3.34375,0.402,1.3441875,0,0,0,0,3.34375,1.3441875,0.402,0.418,3,2.4,13.8,0.3,4.9,0.16,5,0.28,0.28125,9.179437621,7.62718666,0.402
Kevin Love,Min,PF,24,18,34.1,70.2,29.1,0.098,142,0.704,206,11.44444444,0.413,4.726555556,92,5.111111111,0.217,1.109111111,16.55555556,5.835666667,0.352489933,0.458,18.3,14,23.5,2.3,11.9,0.5,9.8,0.72,5.553777778,22.49055531,18.68738266,0.385986577
Kevin Martin,Okc,SG,29,77,27.5,56.9,21.2,0.102,246,0.89,407,5.285714286,0.472,2.494857143,371,4.818181818,0.426,2.052545455,10.1038961,4.547402597,0.450064267,0.608,14,2.3,4.8,1.4,8,0.1,5.2,0.94,2.843376623,18.61474259,15.46697328,0.551636247
Kevin Seraphin,Was,C,23,79,21.6,44.6,23.7,0.147,88,0.693,716,9.063291139,0.461,4.178177215,0,0,0,0,9.063291139,4.178177215,0.461,0.478,9.1,4.4,11.2,0.7,6.2,0.75,5.6,0.3,0.771949367,15.57883705,12.94444203,0.461
Keyon Dooling,Mem,PG,32,7,11.5,22.2,16.7,0.172,7,0.857,9,1.285714286,0.556,0.714857143,12,1.714285714,0.417,0.714857143,3,1.429714286,0.476571429,0.644,4.4,0.1,0.7,1.1,16,0,2.7,0.14,0.857,12.49894492,10.38536236,0.595714286
Khris Middleton,Det,SF,21,27,17.4,35.6,16.1,0.066,32,0.844,96,3.555555556,0.5,1.777777778,45,1.666666667,0.311,0.518333333,5.222222222,2.296111111,0.439680851,0.532,6.1,1.9,6.1,1,9.6,0.15,5.2,0.56,1.000296296,12.8798931,10.70189186,0.489308511
Kirk Hinrich,Chi,PG,32,60,29.2,60.2,14.8,0.175,98,0.714,240,4,0.367,1.468,182,3.033333333,0.39,1.183,7.033333333,2.651,0.376919431,0.493,7.7,2.6,5.2,5.2,27.6,0.42,6.4,1.05,1.1662,14.71054455,12.22297855,0.461018957
Klay Thompson,Gol,SG,22,82,35.3,73,22.2,0.11,157,0.841,680,8.292682927,0.437,3.623902439,525,6.402439024,0.402,2.573780488,14.69512195,6.197682927,0.421751037,0.533,16.6,3.7,5.8,2.2,10.3,0.54,5.8,1.05,1.610207317,16.88553898,14.03017951,0.509323652
Kobe Bryant,Lal,SG,34,78,38.4,79.7,32,0.133,626,0.839,1188,15.23076923,0.51,7.767692308,407,5.217948718,0.324,1.690615385,20.44871795,9.458307692,0.462537931,0.57,27.3,5.6,8,6,29.9,0.32,10.1,1.36,6.733512821,29.38788588,24.41836857,0.503875862
Kosta Koufos,Den,C,23,81,22.2,45.7,14.6,0.087,104,0.558,507,6.259259259,0.582,3.642888889,1,0.012345679,0,0,6.271604938,3.642888889,0.580854331,0.585,8,6.9,17.5,0.4,2.6,1.27,5.1,0.54,0.716444444,20.49288656,17.02752145,0.580854331
Kris Humphries,Bro,PF,27,65,18.1,37.3,16.5,0.135,123,0.789,308,4.738461538,0.451,2.137046154,2,0.030769231,0,0,4.769230769,2.137046154,0.448090323,0.515,5.8,5.6,18.3,0.5,4.4,0.51,5.6,0.25,1.493030769,15.87023367,13.18656322,0.448090323
Kwame Brown,Phi,C,30,22,12,24.7,9.3,0.15,19,0.368,37,1.681818182,0.459,0.771954545,0,0,0,0,1.681818182,0.771954545,0.459,0.452,1.9,3.4,15.8,0.4,4.8,0.45,4.6,0.27,0.317818182,10.30408797,8.561657651,0.459
Kyle Korver,Atl,SF,31,74,30.3,62.5,14.6,0.099,78,0.859,187,2.527027027,0.471,1.19022973,414,5.594594595,0.457,2.55672973,8.121621622,3.746959459,0.461356073,0.637,10.9,4,7.5,2,10,0.5,5.9,0.95,0.905432432,16.83478705,13.98800978,0.618758735
Kyle Lowry,Tor,PG,26,68,29.5,60.4,20.5,0.177,239,0.795,344,5.058823529,0.433,2.190470588,279,4.102941176,0.362,1.485264706,9.161764706,3.675735294,0.401203852,0.543,11.6,4.7,9.5,6.4,34.9,0.35,9.5,1.38,2.794191176,22.36268186,18.58113273,0.482261637
Kyle O’Quinn,Orl,PF,22,57,11,22.8,18.4,0.146,45,0.667,196,3.438596491,0.515,1.770877193,1,0.01754386,0,0,3.456140351,1.770877193,0.512385787,0.535,4.1,3.7,18.8,0.9,13.3,0.46,8.7,0.19,0.526578947,19.7329058,16.39605411,0.512385787
Kyle Singler,Det,SF,24,82,27.8,57.5,15.9,0.123,124,0.806,442,5.390243902,0.464,2.501073171,200,2.43902439,0.35,0.853658537,7.829268293,3.354731707,0.428485981,0.517,8.8,4,8.3,1,5.4,0.45,4.7,0.7,1.218829268,12.53628601,10.41638904,0.483003115
Kyrie Irving,Cle,PG,20,59,34.5,71.7,30.4,0.138,290,0.855,791,13.40677966,0.474,6.354813559,279,4.728813559,0.391,1.848966102,18.13559322,8.203779661,0.452357944,0.553,22.5,3.7,6.1,5.9,33,0.36,9.1,1.51,4.202542373,26.81643763,22.28175448,0.503334112
Lamar Odom,Lac,SF,33,82,19.5,40.6,13.4,0.183,42,0.476,276,3.365853659,0.464,1.561756098,90,1.097560976,0.2,0.219512195,4.463414634,1.781268293,0.399081967,0.429,4,5.9,17.9,1.7,12.5,0.71,7,0.84,0.243804878,15.01658186,12.47726468,0.423672131
LaMarcus Aldridge,Por,PF,27,74,37.5,77.5,26.6,0.089,348,0.81,1303,17.60810811,0.487,8.575148649,14,0.189189189,0.143,0.027054054,17.7972973,8.602202703,0.483343204,0.53,21.1,9.1,14,2.6,13.1,1.23,8.5,0.84,3.809189189,23.98899308,19.93243329,0.484103265
Lance Stephenson,Ind,PG,22,78,29,60,15.3,0.144,115,0.652,411,5.269230769,0.518,2.729461538,188,2.41025641,0.33,0.795384615,7.679487179,3.524846154,0.458994992,0.529,8.8,3.9,7.5,2.9,16.3,0.21,6.4,1.05,0.961282051,14.52229559,12.06656265,0.510781302
Lance Thomas,Nor,PF,24,59,10.8,22.3,10.7,0.096,59,0.729,106,1.796610169,0.5,0.898305085,0,0,0,0,1.796610169,0.898305085,0.5,0.565,2.5,1.9,10.8,0.3,3.8,0.12,4.2,0.19,0.729,9.386948628,7.799607373,0.5
Landry Fields,Tor,SG,24,51,20.1,40.9,13,0.146,53,0.642,209,4.098039216,0.478,1.958862745,14,0.274509804,0.143,0.039254902,4.37254902,1.998117647,0.45696861,0.487,4.7,4.1,12,1.2,9,0.16,5.7,0.63,0.667176471,11.73519967,9.750767106,0.461457399
Larry Sanders,Mil,PF,24,71,27.1,56,17,0.116,136,0.618,603,8.492957746,0.507,4.305929577,2,0.028169014,0,0,8.521126761,4.305929577,0.505323967,0.523,9.8,9.5,18.8,1.2,6.9,2.8,7.1,0.75,1.183774648,23.83154437,19.8016093,0.505323967
Lavoy Allen,Phi,PF,23,79,20.9,43.4,14.9,0.103,60,0.717,453,5.734177215,0.455,2.609050633,1,0.012658228,0,0,5.746835443,2.609050633,0.453997797,0.474,5.8,5,13.5,0.9,6.8,0.7,5.7,0.3,0.544556962,13.39019352,11.12590004,0.453997797
Leandro Barbosa,Bos,PG,30,41,12.3,24.7,21.7,0.091,41,0.756,146,3.56097561,0.445,1.584634146,47,1.146341463,0.383,0.43904878,4.707317073,2.023682927,0.429901554,0.509,5.2,1.1,5.4,1.4,19.4,0.15,6.5,0.41,0.756,14.94652278,12.41905266,0.476536269
LeBron James,Mia,SF,28,76,37.6,77.6,30.3,0.124,536,0.752,1100,14.47368421,0.602,8.713157895,254,3.342105263,0.406,1.356894737,17.81578947,10.07005263,0.565231905,0.64,26.8,8,13.2,7.3,36.7,0.88,12.4,1.7,5.303578947,36.10546658,30.00000048,0.603313146
Linas Kleiza,Tor,SF,28,20,18.6,36.5,21.8,0.08,38,0.842,78,3.9,0.359,1.4001,66,3.3,0.303,0.9999,7.2,2.4,0.333333333,0.46,7.4,2.6,8.3,0.8,7,0.1,5.3,0.2,1.5998,10.87869057,9.039094446,0.402770833
Louis Amundson,Nor,PF,30,18,11.4,23.2,13,0.14,16,0.5,42,2.333333333,0.429,1.001,0,0,0,0,2.333333333,1.001,0.429,0.449,2.4,3.2,16.9,0.4,5.9,0.33,5.1,0.5,0.444444444,11.66626834,9.693492117,0.429
Louis Williams,Atl,SG,26,39,28.5,58.3,23.8,0.13,121,0.868,247,6.333333333,0.466,2.951333333,196,5.025641026,0.367,1.844410256,11.35897436,4.79574359,0.422198646,0.555,14.1,2.1,4.1,3.6,20.6,0.26,6.7,1.13,2.693025641,19.75757162,16.41654891,0.503386004
Luc Mbah a Moute,Mil,PF,26,58,22.7,46.8,16.6,0.139,126,0.571,340,5.862068966,0.406,2.38,37,0.637931034,0.351,0.223913793,6.5,2.603913793,0.400602122,0.447,6.7,4.4,10.4,0.9,6.2,0.24,5.3,0.72,1.240448276,11.34392024,9.425653371,0.41782626
Luis Scola,Pho,PF,32,82,26.5,54.8,23.4,0.111,230,0.787,898,10.95121951,0.478,5.234682927,16,0.195121951,0.188,0.036682927,11.14634146,5.271365854,0.472923414,0.516,12.8,6.6,14.2,2.2,14.6,0.43,8.6,0.82,2.207439024,21.16716217,17.58777646,0.474568928
Luke Babbitt,Por,SF,23,62,11.6,23.9,16.7,0.084,13,0.769,56,0.903225806,0.429,0.387483871,178,2.870967742,0.348,0.999096774,3.774193548,1.386580645,0.367384615,0.509,3.9,2.2,11.1,0.5,6.3,0.08,5.6,0.23,0.161241935,11.05528898,9.185829907,0.49974359
Luke Ridnour,Min,PG,31,82,30,62.3,18.5,0.128,164,0.848,599,7.304878049,0.503,3.674353659,212,2.585365854,0.311,0.80404878,9.890243902,4.478402439,0.452810111,0.532,11.5,2.5,4.8,3.8,21.2,0.18,6.4,1,1.696,16.29942184,13.5431753,0.493458693
Luke Walton,Cle,SF,32,50,17,35.2,13.1,0.24,20,0.5,114,2.28,0.447,1.01916,67,1.34,0.299,0.40066,3.62,1.41982,0.39221547,0.453,3.4,2.9,9.9,3.3,29,0.26,7.5,0.84,0.2,14.89129578,12.37316459,0.447555249
Luol Deng,Chi,SF,27,75,38.2,79,21.8,0.105,282,0.816,860,11.46666667,0.455,5.217333333,233,3.106666667,0.322,1.000346667,14.57333333,6.21768,0.426647758,0.508,16.5,6.3,9.5,3,13.5,0.43,7.1,1.08,3.06816,17.3885454,14.4481271,0.460968893
Malcolm Lee,Min,SG,22,16,17.9,36.8,14.8,0.105,20,0.6,52,3.25,0.404,1.313,24,1.5,0.333,0.4995,4.75,1.8125,0.381578947,0.46,4.9,2.4,7.8,1.2,10.3,0.38,5.4,0.75,0.75,11.23966646,9.339028994,0.434157895
Manu Ginobili,San,SG,35,60,22.8,46.8,25.6,0.172,206,0.796,304,5.066666667,0.48,2.432,235,3.916666667,0.353,1.382583333,8.983333333,3.814583333,0.424628942,0.56,11.8,3.4,8.5,4.6,31.3,0.22,10,1.33,2.732933333,25.24941548,20.97971715,0.501581633
Marc Gasol,Mem,C,28,80,34.8,72,19.3,0.135,316,0.848,855,10.6875,0.501,5.3544375,14,0.175,0.071,0.012425,10.8625,5.3668625,0.494072497,0.559,14.1,7.8,13.2,4,19.2,1.74,8.7,1,3.3496,23.08313031,19.17975271,0.494644419
Marcin Gortat,Pho,C,28,61,30.6,63.1,17.3,0.136,138,0.652,563,9.229508197,0.524,4.836262295,3,0.049180328,0,0,9.278688525,4.836262295,0.521222615,0.543,11.1,8.5,15.7,1.2,6.5,1.61,6.3,0.66,1.475016393,19.76026814,16.41878945,0.521222615
Marco Belinelli,Chi,SG,26,73,25.4,52.4,19,0.107,168,0.839,389,5.328767123,0.416,2.216767123,221,3.02739726,0.357,1.080780822,8.356164384,3.297547945,0.39462459,0.513,9.6,1.9,4.3,2,13.2,0.08,5.2,0.6,1.930849315,12.91398936,10.73022242,0.459294262
Marcus Camby,Nyk,C,38,24,10.2,21.1,14.6,0.196,19,0.421,53,2.208333333,0.321,0.708875,0,0,0,0,2.208333333,0.708875,0.321,0.342,1.8,3.3,19.1,0.6,8.3,0.58,6,0.29,0.333291667,10.84190279,9.008527513,0.321
Marcus Morris,Hou,PF,23,54,21.2,43.8,18.6,0.109,75,0.653,206,3.814814815,0.471,1.796777778,194,3.592592593,0.381,1.368777778,7.407407407,3.165555556,0.42735,0.537,8.6,4.1,10.9,0.9,6.4,0.3,6,0.5,0.906944444,15.70562902,13.04979336,0.5197425
Marcus Morris,Pho,PF,23,23,15.9,32.3,20.5,0.142,42,0.405,87,3.782608696,0.448,1.694608696,39,1.695652174,0.308,0.52226087,5.47826087,2.216869565,0.404666667,0.453,5.7,2.5,9,0.7,6.5,0.17,5.4,0.78,0.739565217,11.75543129,9.767577535,0.452333333
Marcus Thornton,Sac,SG,25,72,23.8,49.2,23.3,0.076,126,0.881,395,5.486111111,0.484,2.655277778,379,5.263888889,0.372,1.958166667,10.75,4.613444444,0.429157623,0.552,12.7,2.5,6,1.3,9.1,0.06,5.8,0.85,1.54175,17.9585648,14.92175573,0.520235142
Mario Chalmers,Mia,PG,26,77,26.7,55,16.2,0.171,112,0.795,228,2.961038961,0.456,1.350233766,301,3.909090909,0.409,1.598818182,6.87012987,2.949051948,0.429257089,0.576,8.6,2.2,5.1,3.5,19.4,0.16,6.1,1.53,1.156363636,16.2715918,13.52005134,0.545617202
Markieff Morris,Pho,PF,23,82,22.2,45.9,19.9,0.128,127,0.732,519,6.329268293,0.426,2.696268293,134,1.634146341,0.336,0.549073171,7.963414634,3.245341463,0.407531394,0.473,8.2,4.8,12.4,1.3,9.5,0.78,6.7,0.94,1.133707317,16.37871552,13.60906035,0.442006126
Marquis Daniels,Mil,SG,32,59,18.2,37.5,17.1,0.107,54,0.741,279,4.728813559,0.401,1.896254237,72,1.220338983,0.278,0.339254237,5.949152542,2.235508475,0.375769231,0.432,5.5,2.5,7.5,1.1,9.1,0.17,5.4,0.86,0.67820339,10.57775775,8.789049624,0.404282051
Marreese Speights,Mem,PF,25,40,14.3,29.4,25.1,0.112,67,0.716,242,6.05,0.43,2.6015,5,0.125,0.4,0.05,6.175,2.6515,0.429392713,0.474,6.6,4.7,19.5,0.5,5.6,0.68,7,0.25,1.1993,19.09584324,15.86671938,0.433441296
Marreese Speights,Cle,PF,25,39,18.3,37.9,26.8,0.105,108,0.806,332,8.512820513,0.461,3.924410256,5,0.128205128,0.2,0.025641026,8.641025641,3.950051282,0.457127596,0.515,10.2,5.1,16,0.7,7.5,0.67,7.2,0.36,2.232,22.10418911,18.36635133,0.458611276
MarShon Brooks,Bro,SG,24,73,12.3,25.4,22.8,0.155,94,0.734,280,3.835616438,0.5,1.917808219,55,0.753424658,0.273,0.205684932,4.589041096,2.123493151,0.462731343,0.523,5.4,1.4,6.8,1,14.8,0.22,6.4,0.47,0.945150685,15.83327245,13.15585218,0.485141791
Martell Webster,Was,SG,26,76,28.8,59.4,17,0.111,198,0.848,307,4.039473684,0.463,1.870276316,329,4.328947368,0.422,1.826815789,8.368421053,3.697092105,0.441790881,0.601,11.4,3.9,7.5,1.9,10.8,0.22,6.1,0.66,2.209263158,16.6803437,13.85968293,0.550940251
Marvin Williams,Uta,SF,26,74,23.3,48,15.5,0.105,105,0.79,314,4.243243243,0.478,2.02827027,168,2.27027027,0.321,0.728756757,6.513513514,2.757027027,0.423278008,0.516,7.4,3.6,9,1.1,7.3,0.5,5.3,0.51,1.120945946,13.05198263,10.84488091,0.479219917
Matt Barnes,Lac,SF,32,80,25.5,53.1,18.3,0.11,117,0.744,350,4.375,0.574,2.51125,325,4.0625,0.342,1.389375,8.4375,3.900625,0.462296296,0.566,10.3,4.6,10.7,1.5,9.3,0.79,6.5,1.03,1.0881,18.65214851,15.49805382,0.54462963
Matt Bonner,San,C,32,68,13.1,27,13,0.063,15,0.733,109,1.602941176,0.541,0.867191176,121,1.779411765,0.438,0.779382353,3.382352941,1.646573529,0.486813043,0.609,4.2,1.9,8.4,0.5,5.9,0.26,4.8,0.25,0.161691176,12.82415559,10.65557962,0.602026087
Maurice Harkless,Orl,SF,19,76,25.8,53.4,16,0.1,128,0.57,447,5.881578947,0.51,2.999605263,117,1.539473684,0.274,0.421815789,7.421052632,3.421421053,0.461042553,0.504,8.2,4.4,9.7,0.7,3.9,0.82,4.5,1.16,0.96,14.1935405,11.79340034,0.489462766
Metta World Peace,Lal,SF,33,75,33.5,69.6,17.6,0.098,169,0.734,412,5.493333333,0.464,2.548906667,412,5.493333333,0.342,1.87872,10.98666667,4.427626667,0.403,0.517,12.4,5,8.1,1.5,7,0.56,5.4,1.63,1.653946667,15.18740485,12.61920136,0.4885
Meyers Leonard,Por,C,20,69,17.3,35.7,14,0.134,89,0.809,270,3.913043478,0.548,2.144347826,7,0.101449275,0.429,0.043521739,4.014492754,2.187869565,0.54499278,0.596,5.5,3.7,12.4,0.5,4.4,0.55,5,0.16,1.043492754,15.20803867,12.63634598,0.550413357
Michael Beasley,Pho,SF,24,75,20.5,42.5,27.9,0.149,126,0.746,622,8.293333333,0.426,3.53296,144,1.92,0.313,0.60096,10.21333333,4.13392,0.40475718,0.462,10.1,3.8,10.4,1.5,12.6,0.45,7.5,0.41,1.25328,16.61829913,13.80813016,0.434177546
Michael Kidd-Gilchrist,Cha,SF,19,78,25.7,53.3,18,0.127,187,0.749,604,7.743589744,0.462,3.577538462,9,0.115384615,0.222,0.025615385,7.858974359,3.603153846,0.458476346,0.506,9,5.8,13,1.5,10.2,0.9,6.7,0.69,1.795679487,17.07179754,14.18494159,0.460106036
Mickael Gelabale,Min,SF,29,36,17.7,36.6,11.7,0.097,24,0.875,87,2.416666667,0.644,1.556333333,52,1.444444444,0.308,0.444888889,3.861111111,2.001222222,0.518302158,0.605,5,2.8,8.9,0.7,6.5,0.11,4.8,0.44,0.583333333,12.5482998,10.42637129,0.575913669
Mickael Pietrus,Tor,SG,30,19,20.1,39.4,14.8,0.131,18,0.667,34,1.789473684,0.412,0.737263158,64,3.368421053,0.313,1.054315789,5.157894737,1.791578947,0.347346939,0.472,5.3,1.9,5.6,0.5,3.6,0.32,3.4,0.63,0.631894737,8.205116646,6.817624217,0.44955102
Mike Conley,Mem,PG,25,80,34.2,70.9,21.1,0.152,282,0.83,646,8.075,0.477,3.851775,294,3.675,0.361,1.326675,11.75,5.17845,0.440719149,0.549,14.6,2.8,4.9,6.1,29.7,0.3,7.4,2.15,2.92575,21.07185639,17.50858698,0.497173404
Mike Dunleavy,Mil,SF,32,75,25.7,53.1,17.4,0.117,128,0.82,325,4.333333333,0.455,1.971666667,299,3.986666667,0.428,1.706293333,8.32,3.67796,0.4420625,0.577,10.5,3.9,8.1,1.9,11.7,0.47,6.6,0.52,1.399466667,17.33934706,14.40724825,0.544604167
Mike James,Dal,PG,37,45,18.9,38.4,18.1,0.16,29,0.793,146,3.244444444,0.363,1.177733333,125,2.777777778,0.384,1.066666667,6.022222222,2.2444,0.372686347,0.481,6.1,1.6,4.6,3.1,24.1,0.07,6.6,0.56,0.511044444,13.48939121,11.20832331,0.461247233
Mike Miller,Mia,SG,32,59,15.1,31,14.6,0.129,11,0.727,56,0.949152542,0.482,0.457491525,175,2.966101695,0.417,1.236864407,3.915254237,1.694355932,0.432757576,0.596,4.8,2.7,10.9,1.7,16.4,0.07,7.4,0.36,0.135542373,15.24014092,12.66301971,0.590712121
Mo Williams,Uta,PG,29,45,30.6,62.7,22.4,0.181,79,0.873,369,8.2,0.447,3.6654,152,3.377777778,0.388,1.310577778,11.57777778,4.975977778,0.429786948,0.518,12.8,2.4,4.6,6.2,33.6,0.2,7.5,1,1.5326,19.20150315,15.95451211,0.486385796
Monta Ellis,Mil,SG,27,82,37.3,77.2,26.4,0.137,374,0.773,1108,13.51219512,0.454,6.134536585,328,4,0.287,1.148,17.51219512,7.282536585,0.415855153,0.493,19.2,3.9,5.5,6,27.3,0.44,8.2,2.06,3.525634146,21.27598633,17.67819836,0.448632312
Nando De Colo,San,PG,25,72,12.6,25.9,17.3,0.237,44,0.795,159,2.208333333,0.465,1.026875,82,1.138888889,0.378,0.4305,3.347222222,1.457375,0.43539834,0.53,3.8,1.9,8.8,1.9,22,0.08,7.6,0.57,0.485833333,15.36927296,12.77031541,0.499705394
Nate Robinson,Chi,PG,28,82,25,51.7,25.5,0.126,169,0.799,573,6.987804878,0.45,3.144512195,348,4.243902439,0.405,1.718780488,11.23170732,4.863292683,0.432996743,0.54,13.1,2.2,5.2,4.4,32.2,0.12,8,1.04,1.646719512,21.60320092,17.95008067,0.509511401
Nazr Mohammed,Chi,C,35,63,10.8,22.3,15.1,0.107,47,0.723,178,2.825396825,0.371,1.048222222,2,0.031746032,0,0,2.857142857,1.048222222,0.366877778,0.414,2.6,3.1,16.4,0.4,6,0.49,5.5,0.33,0.539380952,11.80115734,9.80557127,0.366877778
Nenê,Was,C,30,61,27,55.6,23.6,0.163,269,0.729,593,9.721311475,0.481,4.67595082,1,0.016393443,0,0,9.737704918,4.67595082,0.480190236,0.538,12.6,6.7,13.7,2.9,19.2,0.61,9.3,0.9,3.214770492,22.75480942,18.90695117,0.480190236
Nick Collison,Okc,PF,32,81,19.3,39.9,11.6,0.173,78,0.769,292,3.604938272,0.603,2.173777778,4,0.049382716,0,0,3.654320988,2.173777778,0.594851351,0.624,5.1,4.1,12.2,1.5,11.5,0.37,6.5,0.63,0.740518519,16.18377449,13.44708401,0.594851351
Nick Young,Phi,SG,27,59,23.7,49.1,21.4,0.077,128,0.82,333,5.644067797,0.447,2.522898305,210,3.559322034,0.357,1.270677966,9.203389831,3.793576271,0.41219337,0.524,10.6,2.2,5.3,1.4,9.8,0.24,5.4,0.59,1.778983051,14.91257835,12.39084826,0.481226519
Nicolas Batum,Por,SF,24,73,38.3,78.9,18.3,0.17,210,0.848,389,5.328767123,0.481,2.563136986,444,6.082191781,0.372,2.262575342,11.4109589,4.825712329,0.422901561,0.566,14.3,5.6,8.6,4.9,20.4,1.14,7.6,1.25,2.439452055,19.58704884,16.27486169,0.522042017
Nikola Pekovic,Min,C,27,62,31.4,65.2,22.7,0.102,324,0.744,741,11.9516129,0.52,6.21483871,1,0.016129032,0,0,11.96774194,6.21483871,0.519299191,0.571,16.3,8.8,16,0.9,5,0.81,6.4,0.69,3.888,23.18944193,19.26808694,0.519299191
Nikola Vucevic,Orl,C,22,77,33,68.4,19.4,0.13,126,0.683,886,11.50649351,0.52,5.983376623,4,0.051948052,0,0,11.55844156,5.983376623,0.517662921,0.533,13.1,11.9,20.3,1.8,9.3,1.03,7.9,0.79,1.117636364,21.78711527,18.10289495,0.517662921
Norris Cole,Mia,PG,24,80,19.7,40.6,17.1,0.184,80,0.65,327,4.0875,0.44,1.7985,98,1.225,0.357,0.437325,5.3125,2.235825,0.420861176,0.483,5.6,1.6,5.1,2.1,15.4,0.09,5.4,0.71,0.65,11.33088024,9.414818441,0.462021176
O.J. Mayo,Dal,SG,25,82,35.3,72.5,21,0.156,233,0.82,677,8.256097561,0.471,3.888621951,349,4.256097561,0.407,1.732231707,12.51219512,5.620853659,0.449230019,0.556,15.3,3.5,5.5,4.4,19.6,0.28,7,1.13,2.33,18.60212775,15.45649161,0.518451754
Omer Asik,Hou,C,26,82,29.8,61.9,16.4,0.189,299,0.562,612,7.463414634,0.541,4.037707317,1,0.012195122,0,0,7.475609756,4.037707317,0.540117455,0.557,10.1,11.7,22.2,0.9,4.7,1.06,6.4,0.59,2.049243902,20.64846653,17.15679271,0.540117455
Omri Casspi,Cle,SF,24,43,11.5,23.8,18,0.11,41,0.537,84,1.953488372,0.452,0.882976744,76,1.76744186,0.329,0.581488372,3.720930233,1.464465116,0.393575,0.486,4,2.7,13.4,0.7,9,0.28,6.8,0.58,0.512023256,14.7822043,12.28252057,0.4717125
Orlando Johnson,Ind,SG,23,51,11.9,24.6,16.7,0.13,32,0.719,86,1.68627451,0.419,0.70654902,94,1.843137255,0.383,0.705921569,3.529411765,1.412470588,0.4002,0.523,4,2.2,10.1,0.9,12.7,0.18,6.7,0.2,0.451137255,13.04943147,10.84276115,0.500205555
P.J. Tucker,Pho,SG,27,79,24,49.6,12.9,0.122,86,0.744,374,4.734177215,0.503,2.381291139,70,0.886075949,0.314,0.278227848,5.620253165,2.659518987,0.473202703,0.525,6.4,4.4,10.5,1.4,8.7,0.24,5.7,0.78,0.809924051,13.1054624,10.8893172,0.497954955
Pablo Prigioni,Nyk,PG,35,78,16,33.3,11.9,0.271,25,0.88,86,1.102564103,0.547,0.603102564,134,1.717948718,0.396,0.680307692,2.820512821,1.283410256,0.455027273,0.595,3.5,1.8,6.7,3,27.8,0.03,6.7,0.88,0.282051282,15.17687157,12.61044926,0.575627272
Patrick Beverley,Hou,PG,24,41,17.2,35.5,15.6,0.175,41,0.829,93,2.268292683,0.462,1.04795122,96,2.341463415,0.375,0.87804878,4.609756098,1.926,0.417809524,0.551,5.6,2.7,8.8,2.9,24.5,0.51,8.2,0.9,0.829,19.18660646,15.94213446,0.513047619
Patrick Mills,San,PG,24,58,11,22.7,20.7,0.135,19,0.842,111,1.913793103,0.55,1.052586207,130,2.24137931,0.4,0.896551724,4.155172414,1.949137931,0.469087137,0.59,5.1,0.9,4.5,1.1,15.4,0.07,6.2,0.45,0.275827586,16.67992031,13.85933115,0.576970954
Patrick Patterson,Hou,PF,23,47,25.7,53.1,18.7,0.081,49,0.755,359,7.638297872,0.56,4.277446809,96,2.042553191,0.365,0.745531915,9.680851064,5.022978723,0.518857143,0.571,11.6,4.7,10.4,1.1,7,0.57,6.1,0.38,0.78712766,18.41345008,15.2997195,0.557362637
Patrick Patterson,Sac,PF,23,24,22.9,46.6,15.6,0.098,14,0.786,132,5.5,0.508,2.794,36,1.5,0.444,0.666,7,3.46,0.494285714,0.554,8,4.8,11.9,1.3,8.7,0.54,6.4,0.54,0.4585,16.58467895,13.78019518,0.541857143
Pau Gasol,Lal,PF,32,49,33.6,69.5,20.6,0.137,178,0.702,551,11.24489796,0.475,5.341326531,28,0.571428571,0.286,0.163428571,11.81632653,5.504755102,0.465860104,0.512,13.7,8.6,14.1,4.1,20.1,1.24,9.3,0.49,2.550122449,21.38258256,17.76676907,0.472775475
Paul George,Ind,SG,22,79,37.4,77.4,23.6,0.152,274,0.807,707,8.949367089,0.457,4.089860759,469,5.936708861,0.362,2.149088608,14.88607595,6.238949367,0.419113095,0.531,17.4,7.6,11.4,4.2,19.9,0.63,8.8,1.8,2.798962025,21.71353979,18.04176115,0.491297619
Paul Millsap,Uta,PF,27,78,30.1,62,22.7,0.118,356,0.742,836,10.71794872,0.498,5.337538462,39,0.5,0.333,0.1665,11.21794872,5.504038462,0.490645714,0.55,14.6,7.1,13.8,2.6,14.7,1.03,8.6,1.31,3.386564103,23.72751599,19.7151722,0.498066857
Paul Pierce,Bos,SF,35,77,33.2,67.8,27.6,0.143,423,0.787,710,9.220779221,0.466,4.296883117,382,4.961038961,0.38,1.885194805,14.18181818,6.182077922,0.435915751,0.559,18.6,6.3,11.2,4.8,25.3,0.39,9.9,1.09,4.32338961,25.03537102,20.8018678,0.502380952
Quincy Acy,Tor,PF,22,29,11.6,23.2,15,0.156,38,0.816,73,2.517241379,0.562,1.414689655,2,0.068965517,0.5,0.034482759,2.586206897,1.449172414,0.560346667,0.632,4,2.7,13.6,0.4,5.3,0.52,5.6,0.45,1.069241379,18.23201496,15.14896523,0.567013333
Quincy Pondexter,Mem,SF,24,59,20.9,43.1,14,0.112,75,0.787,147,2.491525424,0.463,1.153576271,152,2.576271186,0.395,1.017627119,5.06779661,2.17120339,0.428431438,0.565,6.4,2.2,6.3,1,7.7,0.1,4.6,0.59,1.000423729,11.6575007,9.686207095,0.528832776
Rajon Rondo,Bos,PG,26,38,37.2,74.3,21.9,0.226,93,0.645,415,10.92105263,0.513,5.6025,50,1.315789474,0.24,0.315789474,12.23684211,5.918289474,0.483645161,0.516,13.7,5.6,8.9,11,49.6,0.24,10.2,1.84,1.578552632,23.95752405,19.9062857,0.496548387
Ramon Sessions,Cha,PG,26,61,26.9,55.6,25.9,0.112,347,0.839,569,9.327868852,0.427,3.983,107,1.754098361,0.308,0.540262295,11.08196721,4.523262295,0.408164201,0.529,14.4,2.8,5.9,3.8,25.7,0.11,8,0.79,4.772672131,20.86003635,17.33258589,0.432539941
Randy Foye,Uta,SG,29,82,27,55.7,18.3,0.103,144,0.819,304,3.707317073,0.378,1.401365854,434,5.292682927,0.41,2.17,9,3.571365854,0.396818428,0.55,10.8,1.5,3.4,2,11.9,0.32,4.7,0.8,1.438243902,14.18368431,11.78521084,0.517373984
Rashard Lewis,Mia,SF,33,55,14.2,29.2,18.4,0.109,45,0.622,118,2.145454545,0.441,0.946145455,131,2.381818182,0.389,0.926527273,4.527272727,1.872672727,0.41364257,0.53,5.2,2.2,9.5,0.5,5.8,0.25,5,0.38,0.508909091,12.79260634,10.62936538,0.51596988
Rasheed Wallace,Nyk,C,38,21,13.9,28.7,25.8,0.062,20,0.7,73,3.476190476,0.452,1.571238095,69,3.285714286,0.319,1.048142857,6.761904762,2.619380952,0.387373239,0.484,7,4,16.6,0.3,3.6,0.71,5.8,0.62,0.666666667,19.40342343,16.1222875,0.46487676
Ray Allen,Mia,SG,37,79,25.6,52.7,19.5,0.125,158,0.886,319,4.037974684,0.48,1.938227848,332,4.202531646,0.419,1.760860759,8.240506329,3.699088608,0.448890937,0.599,10.9,2.7,6.6,1.7,10.3,0.19,5.8,0.85,1.772,17.06764438,14.18149073,0.555732719
Raymond Felton,Nyk,PG,28,68,33.8,70.2,22.2,0.142,128,0.789,624,9.176470588,0.455,4.175294118,258,3.794117647,0.36,1.365882353,12.97058824,5.541176471,0.427210884,0.505,13.9,2.9,5,5.5,27.2,0.21,7.2,1.38,1.485176471,17.8457218,14.82799458,0.479863945
Reggie Evans,Bro,C,32,80,24.4,50.4,11.1,0.236,222,0.509,261,3.2625,0.479,1.5627375,0,0,0,0,3.2625,1.5627375,0.479,0.506,4.5,11.1,26.9,0.5,3.3,0.16,4.8,0.93,1.412475,15.68116289,13.02946448,0.479
Reggie Jackson,Okc,PG,22,70,14,28.9,18.8,0.131,62,0.839,221,3.157142857,0.566,1.786942857,104,1.485714286,0.231,0.3432,4.642857143,2.130142857,0.4588,0.531,5.3,2.4,9.7,1.7,19.6,0.19,8,0.41,0.743114286,17.01926747,14.14129439,0.49576
Richard Hamilton,Chi,SG,34,50,21.4,44,25.5,0.142,77,0.857,423,8.46,0.444,3.75624,52,1.04,0.308,0.32032,9.5,4.07656,0.429111579,0.481,9.8,1.7,4.5,2.4,20.3,0.1,6.4,0.48,1.31978,15.03655665,12.49386172,0.445970526
Richard Jefferson,Gol,SF,32,56,10,20.5,14.6,0.126,53,0.717,91,1.625,0.527,0.856375,45,0.803571429,0.311,0.249910714,2.428571429,1.106285714,0.455529412,0.552,3.1,1.5,8.3,0.5,7.9,0.13,5.3,0.25,0.678589286,11.4583431,9.520727218,0.506981617
Ricky Rubio,Min,PG,22,57,29.5,61.2,21.4,0.214,264,0.799,422,7.403508772,0.374,2.768912281,92,1.614035088,0.293,0.472912281,9.01754386,3.241824561,0.359501946,0.482,10.7,4,7.8,7.3,39.1,0.09,9.2,2.4,3.700631579,21.63679749,17.97799604,0.385723735
Robin Lopez,Nor,C,24,82,25.9,53.6,20.2,0.12,207,0.778,719,8.768292683,0.534,4.682268293,0,0,0,0,8.768292683,4.682268293,0.534,0.573,11.3,5.6,13,0.8,5.3,1.56,5.7,0.39,1.96397561,20.85992873,17.33249647,0.534
Rodney Stuckey,Det,SG,26,76,28.4,58.7,21.1,0.134,272,0.783,566,7.447368421,0.44,3.276842105,182,2.394736842,0.302,0.723210526,9.842105263,4.000052632,0.40642246,0.505,11.5,2.8,5.7,3.6,20.5,0.22,6.9,0.67,2.802315789,16.13828975,13.40929078,0.443163102
Rodrigue Beaubois,Dal,PG,24,45,12,24.3,19.1,0.146,38,0.789,104,2.311111111,0.423,0.9776,72,1.6,0.292,0.4672,3.911111111,1.4448,0.369409091,0.47,4,1.2,5.7,1.9,23,0.09,7,0.42,0.666266667,13.1717214,10.94437175,0.429136364
Roger Mason Jr.,Nor,SG,32,69,17.5,36.2,14.5,0.136,43,0.907,146,2.115942029,0.452,0.956405797,159,2.304347826,0.415,0.956304348,4.420289855,1.912710145,0.432711475,0.57,5.3,1.9,6.5,1.1,9.8,0.16,5.1,0.38,0.565231884,11.96153387,9.938827988,0.540883607
Ronnie Brewer,Nyk,SG,27,46,15.3,31.7,13.7,0.068,39,0.41,104,2.260869565,0.404,0.913391304,71,1.543478261,0.31,0.478478261,3.804347826,1.391869565,0.365862857,0.432,3.6,2.2,8.3,0.9,8.5,0.13,5,0.74,0.347608696,8.939049829,7.427448655,0.428748571
Ronnie Price,Por,PG,29,39,12.8,26.3,15.1,0.207,24,0.708,81,2.076923077,0.358,0.743538462,39,1,0.256,0.256,3.076923077,0.999538462,0.32485,0.402,2.7,1.1,5.1,1.9,21.4,0.08,5.6,0.67,0.435692308,9.370147802,7.785647582,0.36645
Ronny Turiaf,Lac,C,30,65,10.6,22,10.2,0.189,63,0.365,97,1.492307692,0.505,0.753615385,0,0,0,0,1.492307692,0.753615385,0.505,0.485,1.9,2.3,13.2,0.5,7,0.54,4.9,0.29,0.353769231,10.71141431,8.900104745,0.505
Roy Hibbert,Ind,C,26,79,28.5,59,22.6,0.144,224,0.741,855,10.82278481,0.449,4.85943038,4,0.050632911,0.25,0.012658228,10.87341772,4.872088608,0.448073341,0.489,11.9,8.3,16.2,1.4,9,2.63,7.3,0.51,2.101063291,22.08565016,18.35094733,0.448655413
Royal Ivey,Phi,PG,31,53,13,26.8,11.5,0.117,16,0.563,56,1.056603774,0.446,0.471245283,88,1.660377358,0.42,0.697358491,2.716981132,1.168603774,0.430111111,0.563,3.2,1.1,4.7,0.6,6.8,0.06,3.9,0.43,0.169962264,8.477463762,7.043917197,0.558444445
Rudy Gay,Mem,SF,26,42,36.5,75.1,25.9,0.121,156,0.776,559,13.30952381,0.431,5.736404762,129,3.071428571,0.31,0.952142857,16.38095238,6.688547619,0.4083125,0.478,17.2,5.9,9.6,2.6,12.5,0.74,7,1.33,2.882285714,17.58629896,14.61244037,0.437375
Rudy Gay,Tor,SF,26,33,34.5,69.3,29.3,0.131,139,0.856,434,13.15151515,0.452,5.944484848,131,3.96969697,0.336,1.333818182,17.12121212,7.27830303,0.425104425,0.513,19.5,6.4,11.1,2.8,15.4,0.67,8.2,1.76,3.605575758,22.50180879,18.69673316,0.464056637
Russell Westbrook,Okc,PG,24,82,34.7,71.7,32.9,0.132,575,0.8,1235,15.06097561,0.466,7.018414634,300,3.658536585,0.323,1.181707317,18.7195122,8.200121951,0.438052117,0.532,23.2,5.2,8.6,7.4,38.7,0.29,11.1,1.77,5.609756098,29.15703602,24.22655563,0.469615635
Ryan Anderson,Nor,SF,24,81,30.7,63.6,24.1,0.075,180,0.844,557,6.87654321,0.465,3.197592593,557,6.87654321,0.382,2.626839506,13.75308642,5.824432099,0.4235,0.549,16.2,6.4,12.4,1.2,7,0.38,6.5,0.52,1.875555556,19.46265308,16.17150136,0.519
Ryan Hollins,Lac,C,28,60,10.8,22.5,13.8,0.224,88,0.75,114,1.9,0.614,1.1666,0,0,0,0,1.9,1.1666,0.614,0.674,3.4,2.3,12.7,0.2,2.4,0.57,4.3,0.1,1.1,15.98764524,13.28412039,0.614
Sam Young,Ind,SF,27,56,12.2,25.1,13.3,0.165,43,0.535,96,1.714285714,0.438,0.750857143,52,0.928571429,0.308,0.286,2.642857143,1.036857143,0.392324324,0.464,2.8,2.2,10,0.8,9.6,0.14,5.6,0.27,0.410803571,9.230742201,7.669815591,0.446432432
Samardo Samuels,Cle,PF,24,18,10.6,21.9,17.8,0.078,24,0.583,59,3.277777778,0.373,1.222611111,1,0.055555556,0,0,3.333333333,1.222611111,0.366783333,0.411,3.2,1.6,8.5,0.4,6.5,0.17,4.8,0.17,0.777333333,7.281807296,6.050447289,0.366783333
Samuel Dalembert,Mil,C,31,47,16.1,33.1,18.9,0.155,55,0.691,252,5.361702128,0.54,2.895319149,1,0.021276596,1,0.021276596,5.382978723,2.916595745,0.541818182,0.565,6.7,5.9,19.6,0.4,4.6,1.13,6.2,0.36,0.808617021,23.08709039,19.18304314,0.543794467
Sasha Pavlovic,Por,SF,29,39,13.3,27.3,12,0.103,6,0.167,59,1.512820513,0.407,0.615717949,60,1.538461538,0.3,0.461538462,3.051282051,1.07725641,0.35305042,0.423,2.6,1.4,6.3,0.8,9.1,0.13,4.3,0.62,0.025692308,6.912490626,5.743582392,0.428680672
Sebastian Telfair,Pho,PG,27,46,17.1,35.2,18.4,0.163,57,0.772,134,2.913043478,0.381,1.109869565,113,2.456521739,0.381,0.935934783,5.369565217,2.045804348,0.381,0.505,6,1.5,4.9,2.5,22.2,0.22,6.6,0.61,0.956608696,14.84092504,12.33131158,0.468151822
Sebastian Telfair,Tor,PG,27,13,14.1,26.8,19.6,0.142,12,0.833,25,1.923076923,0.32,0.615384615,36,2.769230769,0.278,0.769846154,4.692307692,1.385230769,0.295213115,0.422,4.3,1.2,5.2,3,32.9,0.08,7.1,0.69,0.768923077,13.41533788,11.14679246,0.377245902
Serge Ibaka,Okc,PF,23,80,30.9,63.8,18.2,0.127,191,0.749,720,9,0.59,5.31,57,0.7125,0.351,0.2500875,9.7125,5.5600875,0.572467181,0.611,13.2,7.7,14.3,0.5,2.9,3.03,4.8,0.35,1.7882375,23.66390387,19.66231695,0.585341699
Shavlik Randolph,Bos,PF,29,16,12.2,22.9,17,0.143,27,0.407,48,3,0.583,1.749,0,0,0,0,3,1.749,0.583,0.559,4.2,4.4,21.3,0.3,3.4,0.44,5.8,0.5,0.6868125,18.87962796,15.68706629,0.583
Shane Battier,Mia,SF,34,72,24.6,50.7,11.1,0.082,38,0.842,46,0.638888889,0.348,0.222333333,316,4.388888889,0.43,1.887222222,5.027777778,2.109555556,0.41958011,0.623,6.6,2.3,5.7,1,5.7,0.76,4,0.57,0.444388889,12.07056101,10.02941854,0.607259669
Shannon Brown,Pho,SG,27,59,23.6,48.7,22.4,0.106,125,0.784,430,7.288135593,0.467,3.403559322,141,2.389830508,0.277,0.661983051,9.677966102,4.065542373,0.420082312,0.493,10.5,2.5,6.1,1.8,12.9,0.25,6.1,1,1.661016949,15.58969383,12.95346292,0.454282837
Shaun Livingston,Was,PG,27,17,18.6,37.1,12.9,0.19,15,1,63,3.705882353,0.381,1.411941176,3,0.176470588,0,0,3.882352941,1.411941176,0.363681818,0.434,3.7,2.2,6.5,2.2,18.3,0.12,5.6,0.65,0.882352941,10.09597197,8.388734247,0.363681818
Shaun Livingston,Cle,PG,27,49,23,47.6,14.9,0.157,83,0.843,279,5.693877551,0.509,2.898183673,1,0.020408163,0,0,5.714285714,2.898183673,0.507182143,0.559,7.2,2.5,6.2,3.6,24.9,0.59,7,0.76,1.427938776,17.71460848,14.71905263,0.507182143
Shawn Marion,Dal,SF,34,67,29.8,61,19.1,0.123,101,0.782,617,9.208955224,0.538,4.95441791,73,1.089552239,0.315,0.343208955,10.29850746,5.297626866,0.514407246,0.553,12.1,7.8,14.4,2.4,13,0.69,8.2,1.1,1.178835821,21.12078587,17.54924243,0.53107029
Shelvin Mack,Was,PG,22,7,19.9,37.5,16,0.164,2,0.5,27,3.857142857,0.444,1.712571429,13,1.857142857,0.308,0.572,5.714285714,2.284571429,0.3998,0.453,5.3,2.3,6.4,3.3,26.8,0,6.9,0.86,0.142857143,13.05252549,10.84533197,0.44985
Shelvin Mack,Atl,PG,22,20,13.2,26.6,20,0.21,14,0.571,49,2.45,0.551,1.34995,35,1.75,0.4,0.7,4.2,2.04995,0.488083333,0.577,5.2,1.2,5.2,2.2,26.8,0,7.3,0.45,0.3997,17.146841,14.24729513,0.571416667
Solomon Jones,Nyk,PF,28,2,12.8,24.2,7.3,0.75,0,0,1,0.5,0,0,0,0,0,0,0.5,0,0,0,0,1.5,6.9,0,0,0.5,0,0,0,0,0,0
Spencer Hawes,Phi,PF,24,82,27.1,56.2,21,0.13,157,0.777,724,8.829268293,0.477,4.211560976,87,1.06097561,0.356,0.377707317,9.890243902,4.589268293,0.464019729,0.514,11,7.2,15,2.2,13.6,1.39,8.2,0.29,1.487670732,20.53887209,17.06573079,0.483114673
Stephen Curry,Gol,PG,24,78,37.7,78,26.7,0.136,291,0.9,788,10.1025641,0.449,4.536051282,600,7.692307692,0.453,3.484615385,17.79487179,8.020666667,0.450729107,0.589,22.9,4,5.9,6.9,31.7,0.15,9.1,1.62,3.357692308,26.57660396,22.0824769,0.54863977
Stephen Jackson,San,SF,34,55,19.3,39.7,18.9,0.176,70,0.7,160,2.909090909,0.481,1.399272727,170,3.090909091,0.271,0.837636364,6,2.236909091,0.372818182,0.473,6.2,2.8,8.4,1.5,10.9,0.25,6.1,0.67,0.890909091,12.50000547,10.38624357,0.442621212
Steve Blake,Lal,PG,32,45,25.8,53.4,13.3,0.178,35,0.771,99,2.2,0.424,0.9328,171,3.8,0.421,1.5998,6,2.5326,0.4221,0.573,7.3,2.9,6.3,3.8,22.1,0.13,6.7,0.76,0.599666667,15.01364868,12.47482751,0.555416667
Steve Nash,Lal,PG,38,50,32.3,66.9,18,0.193,116,0.922,345,6.9,0.519,3.5811,130,2.6,0.438,1.1388,9.5,4.7199,0.496831579,0.605,12.7,2.8,4.8,6.7,33,0.1,7.7,0.6,2.13904,20.51492018,17.04582916,0.556768421
Steve Novak,Nyk,SF,29,81,20,41.7,13.2,0.026,33,0.909,79,0.975308642,0.367,0.357938272,351,4.333333333,0.425,1.841666667,5.308641975,2.199604938,0.414344186,0.602,6.6,1.9,5.5,0.4,3.3,0.1,3.4,0.35,0.370333333,10.89261369,9.050663149,0.587803488
Taj Gibson,Chi,PF,27,65,22.1,45.6,18.4,0.132,131,0.679,437,6.723076923,0.49,3.294307692,4,0.061538462,0,0,6.784615385,3.294307692,0.485555556,0.518,8,5.3,13.8,0.9,7.2,1.4,6.1,0.42,1.368446154,18.28618057,15.19397138,0.485555555
Tayshaun Prince,Det,SF,32,45,32.2,66.3,18.2,0.093,93,0.796,431,9.577777778,0.445,4.262111111,53,1.177777778,0.434,0.511155556,10.75555556,4.773266667,0.443795455,0.502,11.7,4.6,8.3,2.5,12.7,0.29,6.4,0.47,1.645066667,14.2670661,11.85449269,0.467557851
Tayshaun Prince,Mem,SF,32,37,31.6,64.8,15.3,0.09,37,0.595,295,7.972972973,0.437,3.484189189,41,1.108108108,0.366,0.405567568,9.081081081,3.889756757,0.42833631,0.461,8.8,4.2,7.8,2.3,11.8,0.32,5.6,0.73,0.595,11.26003193,9.355950645,0.450666667
Terrence Jones,Hou,SF,21,19,14.3,29.2,18.4,0.114,17,0.765,75,3.947368421,0.507,2.001315789,19,1,0.263,0.263,4.947368421,2.264315789,0.457680851,0.512,5.5,3.4,13.5,0.8,8.7,1,6.9,0.63,0.684473684,19.45758218,16.16728795,0.484260638
Terrence Ross,Tor,SG,21,73,16.8,34.3,19.9,0.092,42,0.714,261,3.575342466,0.464,1.658958904,197,2.698630137,0.33,0.890547945,6.273972603,2.549506849,0.406362445,0.49,6.4,2,7,0.7,7.3,0.19,4.9,0.59,0.410794521,12.00665243,9.97631696,0.477334061
Terrence Williams,Bos,SG,25,24,13,25.4,19.5,0.171,22,0.409,82,3.416666667,0.524,1.790333333,15,0.625,0.333,0.208125,4.041666667,1.998458333,0.494463918,0.516,4.6,1.8,8.3,1.6,20.2,0.08,7.3,0.46,0.374916667,14.77194734,12.27399808,0.52021134
Thabo Sefolosha,Okc,SG,28,81,27.3,56.5,11.5,0.114,69,0.826,208,2.567901235,0.558,1.432888889,258,3.185185185,0.419,1.334592593,5.75308642,2.767481481,0.481042918,0.617,7.6,3.9,8.2,1.5,8.2,0.54,5.2,1.27,0.70362963,14.74592256,12.25237411,0.597032189
Thaddeus Young,Phi,PF,24,76,34.5,71.5,19.9,0.079,188,0.574,950,12.5,0.535,6.6875,8,0.105263158,0.125,0.013157895,12.60526316,6.700657895,0.5315762,0.541,14.8,7.5,12.3,1.6,8.2,0.72,6.5,1.75,1.419894737,19.89664973,16.53210879,0.532098121
Thomas Robinson,Sac,PF,21,51,15.7,32.2,18.9,0.195,71,0.577,242,4.745098039,0.426,2.021411765,0,0,0,0,4.745098039,2.021411765,0.426,0.452,4.8,4.7,16.9,0.7,6.9,0.41,6.4,0.47,0.80327451,14.50585023,12.05289822,0.426
Thomas Robinson,Hou,PF,21,19,12.8,26.1,21.2,0.195,38,0.421,77,4.052631579,0.455,1.843947368,1,0.052631579,0,0,4.105263158,1.843947368,0.449166667,0.454,4.5,4.1,18,0.5,6.4,0.26,6.6,0.84,0.842,16.17326821,13.43835436,0.449166667
Tiago Splitter,San,C,28,81,24.4,50.4,18.3,0.127,285,0.73,561,6.925925926,0.561,3.885444444,2,0.024691358,0,0,6.950617284,3.885444444,0.559007105,0.609,10.3,6.3,15,1.6,10.1,0.79,7.7,0.78,2.568518519,22.54321874,18.73114066,0.559007105
Tim Duncan,San,PF,36,69,29.5,60.7,28.4,0.117,300,0.817,969,14.04347826,0.504,7.077913043,7,0.101449275,0.286,0.029014493,14.14492754,7.106927536,0.502436475,0.554,17.8,10,19.5,2.7,16,2.62,10.6,0.72,3.552173913,31.85987155,26.4723393,0.50346209
Tobias Harris,Mil,SF,20,28,11.5,23.3,19.6,0.125,26,0.885,94,3.357142857,0.489,1.641642857,21,0.75,0.333,0.24975,4.107142857,1.891392857,0.460513043,0.538,4.9,2,9.5,0.5,6.5,0.25,5.9,0.29,0.821785714,15.34214638,12.74777596,0.490917391
Tobias Harris,Orl,SF,20,27,35.9,73.7,23.2,0.097,111,0.721,310,11.48148148,0.494,5.671851852,87,3.222222222,0.31,0.998888889,14.7037037,6.670740741,0.453677582,0.524,17.3,8.5,13.4,2.1,9.7,1.37,7.5,0.89,2.964111111,21.262445,17.66694688,0.487644836
Toney Douglas,Hou,PG,26,49,18.4,38,21.2,0.128,68,0.882,190,3.87755102,0.411,1.593673469,162,3.306122449,0.377,1.246408163,7.183673469,2.840081633,0.395352273,0.522,8.1,1.8,5.7,1.9,16.2,0.04,6.6,0.82,1.224,16.16877723,13.4346228,0.482105114
Toney Douglas,Sac,PG,26,22,16.9,34.2,17.5,0.171,16,1,60,2.727272727,0.467,1.273636364,54,2.454545455,0.389,0.954818182,5.181818182,2.228454545,0.430052632,0.558,6.1,2.2,7.3,2.6,24.2,0.05,7.7,1.41,0.727272727,19.02532978,15.80812981,0.52218421
Tony Allen,Mem,SG,31,79,26.5,54.8,17.9,0.115,187,0.717,614,7.772151899,0.458,3.55964557,24,0.303797468,0.125,0.037974684,8.075949367,3.597620253,0.445473354,0.489,8.9,4.6,10.2,1.2,7.6,0.56,5.5,1.52,1.697202532,15.11960012,12.56286247,0.447824451
Tony Parker,San,PG,30,66,32.5,66.9,28.1,0.13,330,0.845,926,14.03030303,0.535,7.506212121,69,1.045454545,0.348,0.363818182,15.07575758,7.870030303,0.522032161,0.588,20.3,3,5.3,7.6,41.1,0.09,9.5,0.82,4.225,28.55109808,23.72308233,0.534098492
Travis Outlaw,Sac,SF,28,38,11.5,23.5,22.3,0.087,52,0.731,127,3.342105263,0.472,1.577473684,50,1.315789474,0.28,0.368421053,4.657894737,1.945894737,0.417762712,0.5,5.3,1.6,7.9,0.6,7.9,0.21,6,0.29,1.000315789,14.19653034,11.7958846,0.457310735
Trevor Ariza,Was,SF,27,56,26.1,53.6,18,0.146,95,0.821,242,4.321428571,0.463,2.000821429,209,3.732142857,0.364,1.3585,8.053571429,3.359321429,0.417121951,0.538,9.5,4.8,10.1,2,12.9,0.36,6.9,1.29,1.392767857,17.08803212,14.19843089,0.501463415
Trevor Booker,Was,PF,25,48,18.3,37.5,14.7,0.11,72,0.556,215,4.479166667,0.502,2.248541667,5,0.104166667,0,0,4.583333333,2.248541667,0.490590909,0.509,5.3,5,15.1,0.8,7.5,0.33,6,0.67,0.834,15.08350254,12.53286902,0.490590909
Tristan Thompson,Cle,PF,21,82,31.1,64.6,18.4,0.117,291,0.608,796,9.707317073,0.49,4.756585366,3,0.036585366,0,0,9.743902439,4.756585366,0.4881602,0.516,11.7,9.4,17.6,1.3,7,0.87,6.7,0.73,2.157658537,18.74573725,15.57581662,0.4881602
Troy Murphy,Dal,PF,32,14,18.1,34.6,13.1,0.096,11,0.909,26,1.857142857,0.423,0.785571429,35,2.5,0.314,0.785,4.357142857,1.570571429,0.360459016,0.494,4.6,3.5,10.6,0.5,3.9,0.43,4.4,0.71,0.714214286,11.55931197,9.604622164,0.450540984
Ty Lawson,Den,PG,25,73,34.2,70.4,22.4,0.141,311,0.756,739,10.12328767,0.491,4.970534247,232,3.178082192,0.366,1.163178082,13.30136986,6.133712329,0.461133883,0.549,16.7,2.7,4.4,6.8,30.3,0.11,7.9,1.48,3.220767123,22.26567504,18.50052984,0.504857879
Tyler Hansbrough,Ind,PF,27,81,16.7,34.5,20.8,0.126,300,0.72,404,4.987654321,0.436,2.174617284,3,0.037037037,0,0,5.024691358,2.174617284,0.432786241,0.527,7,4.6,15.4,0.4,4.5,0.23,5.6,0.36,2.666666667,17.20644626,14.29682109,0.432786241
Tyler Zeller,Cle,C,23,77,26.2,54.5,16,0.131,157,0.764,555,7.207792208,0.441,3.178636364,4,0.051948052,0,0,7.25974026,3.178636364,0.437844365,0.486,7.9,5.7,12.6,1.2,7.5,0.91,5.8,0.45,1.557766234,14.4015685,11.96625062,0.437844365
Tyreke Evans,Sac,SG,23,65,30.8,63.6,22.4,0.126,271,0.775,632,9.723076923,0.508,4.939323077,133,2.046153846,0.338,0.6916,11.76923077,5.630923077,0.478444444,0.558,15.2,4.4,8.1,3.5,19.1,0.42,8,1.38,3.231153846,21.86319489,18.16610944,0.507826144
Tyrus Thomas,Cha,PF,26,26,13.6,27.9,21.4,0.102,31,0.839,128,4.923076923,0.352,1.732923077,8,0.307692308,0.375,0.115384615,5.230769231,1.848307692,0.353352941,0.418,4.8,2.3,9.7,0.7,9.3,0.58,5.8,0.54,1.000346154,12.34937839,10.26108766,0.364382353
Tyson Chandler,Nyk,C,30,66,32.6,67.7,13.1,0.145,258,0.694,400,6.060606061,0.638,3.866666667,0,0,0,0,6.060606061,3.866666667,0.638,0.671,10.4,10.6,19.1,0.9,4.5,1.15,5.7,0.64,2.712909091,20.56388497,17.08651397,0.638
Udonis Haslem,Mia,PF,32,75,18.6,38.4,10.8,0.142,45,0.711,251,3.346666667,0.514,1.720186667,0,0,0,0,3.346666667,1.720186667,0.514,0.535,3.9,5.4,17.8,0.5,3.9,0.2,4.7,0.4,0.4266,12.35268943,10.2638388,0.514
Victor Claver,Por,SF,24,49,16.4,33.6,14,0.175,30,0.467,102,2.081632653,0.48,0.999183673,87,1.775510204,0.287,0.509571429,3.857142857,1.508755102,0.39115873,0.462,3.8,2.4,8.6,0.9,8,0.24,4.9,0.53,0.285918367,9.37157356,7.786832243,0.457214286
Vince Carter,Dal,SF,36,81,25.6,52.4,23.3,0.101,223,0.816,456,5.62962963,0.461,2.595259259,399,4.925925926,0.406,1.999925926,10.55555556,4.595185185,0.435333333,0.571,13.4,4.1,8.9,2.4,15.2,0.53,8,0.94,2.246518519,22.086958,18.35203401,0.530066666
Wayne Ellington,Mem,SG,25,40,16.7,34.3,15.9,0.104,16,0.938,102,2.55,0.392,0.9996,97,2.425,0.423,1.025775,4.975,2.025375,0.407110553,0.529,5.5,1.3,4.6,1.1,10,0.03,4.8,0.4,0.3752,10.61020737,8.816011986,0.510203518
Wayne Ellington,Cle,SG,25,38,25.7,53.3,17.7,0.085,59,0.898,187,4.921052632,0.492,2.421157895,143,3.763157895,0.371,1.396131579,8.684210526,3.817289474,0.439566667,0.556,10.4,3,6.8,1.6,10.4,0.05,5.7,0.76,1.394263158,15.22719169,12.65226021,0.51995
Wesley Johnson,Pho,SF,25,50,18.9,38.9,21.7,0.104,35,0.771,241,4.82,0.461,2.22202,155,3.1,0.323,1.0013,7.92,3.22332,0.406984848,0.485,8,2.5,7.4,0.7,6,0.36,5.1,0.44,0.5397,13.12027042,10.90162117,0.470198232
Wesley Matthews,Por,SG,26,69,34.6,71.4,19.2,0.109,187,0.797,383,5.550724638,0.478,2.653246377,425,6.15942029,0.398,2.451449275,11.71014493,5.104695652,0.435920792,0.574,14.8,2.8,4.6,2.5,11.9,0.26,5.4,1.3,2.159985507,16.63342898,13.82070154,0.540592822
Will Barton,Por,SG,22,73,12,24.8,20.7,0.151,65,0.769,244,3.342465753,0.447,1.494082192,65,0.890410959,0.138,0.122876712,4.232876712,1.616958904,0.382,0.437,4,2,9.6,0.8,10.6,0.12,6.2,0.47,0.684726027,11.06117184,9.190717973,0.396514563
Will Bynum,Det,PG,30,65,18.6,38.4,27.2,0.173,131,0.809,464,7.138461538,0.494,3.5264,76,1.169230769,0.316,0.369476923,8.307692308,3.895876923,0.468948148,0.532,9.8,1.5,4.6,3.6,35.3,0.08,8.1,0.69,1.630446154,21.73568291,18.06015985,0.491185185
Willie Green,Lac,SG,31,72,16.3,33.9,16.8,0.072,32,0.719,220,3.055555556,0.486,1.485,166,2.305555556,0.428,0.986777778,5.361111111,2.471777778,0.461056995,0.562,6.3,1.3,4.9,0.8,7.2,0.17,4.6,0.4,0.319555556,12.78035137,10.61918273,0.553088083
Wilson Chandler,Den,SF,25,43,24.9,50.8,22.8,0.106,111,0.793,329,7.651162791,0.48,3.67255814,126,2.930232558,0.413,1.210186047,10.58139535,4.882744186,0.461446154,0.556,13,5.1,11.4,1.3,8.4,0.28,7.1,1.07,2.047046512,21.10190417,17.53355365,0.518630769
Xavier Henry,Nor,SG,21,50,12.3,25.4,17.6,0.133,92,0.63,150,3,0.413,1.239,11,0.22,0.364,0.08008,3.22,1.31908,0.409652174,0.481,3.9,1.8,8.7,0.3,3.3,0.1,4.2,0.32,1.1592,9.436197348,7.840528092,0.422086957
Zach Randolph,Mem,PF,31,76,34.1,70.6,23.2,0.115,300,0.75,1001,13.17105263,0.469,6.177223684,23,0.302631579,0.087,0.026328947,13.47368421,6.203552632,0.460419922,0.506,15.4,11.2,19.4,1.4,7.4,0.41,7.3,0.8,2.960526316,20.14640395,16.73962936,0.461396973
Zaza Pachulia,Atl,C,28,52,21.6,44.4,14.7,0.196,103,0.757,238,4.576923077,0.479,2.192346154,3,0.057692308,0,0,4.634615385,2.192346154,0.473037344,0.534,5.9,6.5,17.1,1.5,10.4,0.23,7.1,0.67,1.499442308,16.4249362,13.64746507,0.473037344